health_score,is_anomaly
2.6778722861297606,1
26.88287604464007,1
7.141543413832787,1
14.028565232201107,1
0.0,1
12.823061318629886,1
68.0,0
6.116014916582536,1
54.054063527904944,0
58.20848786748776,0
8.881493330549432,1
0.0,1
5.69018958736749,1
55.60797554733075,0
13.19731271165399,1
0.0,1
5.836312552280576,1
42.811018876838396,0
5.604153824219345,1
61.11623003532402,0
9.028150325240443,1
43.078057751996084,0
0.0,1
13.2959187385793,1
11.98693629312407,1
64.26502187650547,0
11.42607394590539,1
16.677693685121994,1
0.0,1
0.0,1
68.0,0
8.908972193506731,1
64.03263441324962,0
9.073203912710573,1
0.0,1
54.91876694669874,0
63.63473339719183,0
6.47599005914441,1
15.888061966710584,1
11.02964082297018,1
21.634370600913634,1
68.0,0
67.88260994809151,0
0.0,1
18.471237714719322,1
68.0,0
19.146588014484447,1
68.0,0
1.0940151503226034,1
68.0,0
0.9918850490630216,1
64.93430858177966,0
50.52021626505113,0
0.4103088751778339,1
6.112149451992859,1
10.842119956157953,1
2.8407567868085066,1
19.5301587480011,1
18.32574333345615,1
62.05942148073384,0
68.0,0
4.050523628425261,1
60.9810672430913,0
7.8133496568892955,1
0.0,1
68.0,0
0.0,1
3.8425194904789777,1
0.0,1
44.19183866632841,0
1.5509166395655694,1
0.0,1
2.0518701943940956,1
47.21444305321944,0
8.758040675115543,1
2.804251369124852,1
6.181380005410837,1
4.146940591785135,1
5.305774768753367,1
9.745376416580434,1
28.87807150418707,0
68.0,0
68.0,0
0.0,1
0.0,1
4.431877152995197,1
0.0,1
5.53456158629304,1
0.0,1
0.0,1
1.218898164467117,1
68.0,0
8.593248601402399,1
20.38976362317466,1
0.0,1
12.968169362271258,1
1.303867711114545,1
6.307566266980298,1
11.76263730809378,1
48.680911140038496,0
5.397567603727226,1
49.83627785401247,0
4.349869194946452,1
0.0,1
0.0,1
68.0,0
0.0,1
1.864159086074713,1
8.146033344061397,1
64.79625333860113,0
58.3785176144066,0
14.933655284056897,1
14.14700420125817,1
54.30111416772318,0
53.240167791105954,0
61.54653833160369,0
1.588481747141313,1
68.0,0
0.0,1
5.34932388124395,1
68.0,0
61.42906146195945,0
0.0,1
50.51825408344397,0
5.977421079342314,1
68.0,0
44.55960498877703,0
66.97874677444918,0
68.0,0
0.0,1
0.8833062226471577,1
3.312117632170363,1
0.31722330638442386,1
2.956180949173756,1
12.73911421636946,1
0.0,1
0.0,1
68.0,0
60.13698938218768,0
0.0,1
12.011219737326705,1
9.906232035982201,1
68.0,0
9.032661954342657,1
13.992451472060665,1
0.0,1
68.0,0
0.0,1
54.372742843434516,0
0.0,1
33.55160819842162,0
0.8049360462015978,1
68.0,0
68.0,0
68.0,0
68.0,0
0.0,1
3.5631307651530983,1
2.04271114281521,1
64.63726804444944,0
63.404684502246894,0
68.0,0
0.0,1
8.698531596718311,1
55.796329415073885,0
13.008577959050555,1
17.34760063067948,1
0.0,1
2.156972152467013,1
68.0,0
68.0,0
6.151038898139437,1
8.696375521262128,1
68.0,0
58.07741836879973,0
61.414548940036894,0
68.0,0
12.212265696906801,1
23.724913255052105,1
68.0,0
0.0,1
7.326014423933639,1
68.0,0
56.74304121500495,0
8.447145224219076,1
68.0,0
68.0,0
0.0,1
0.0,1
4.07542373451625,1
67.5156646944916,0
0.0,1
15.668543294579642,1
3.441822435395416,1
60.85935525288749,0
0.0,1
65.3918976340682,0
14.473746708557822,1
12.394966298381057,1
8.626702052121864,1
64.55114786401772,0
49.14406120143212,0
63.27687064449953,0
11.448627839910213,1
3.03764755163237,1
0.0,1
0.0,1
13.103626759081386,1
68.0,0
59.424979722837676,0
0.0,1
64.12472069690533,0
0.0,1
68.0,0
4.996004954936635,1
67.21740917160137,0
60.44937588754721,0
52.09917166308108,0
10.317462134927922,1
3.9533109667778112,1
64.46044763624622,0
4.804329262624098,1
0.0,1
15.60429979198527,1
54.45373068970143,0
35.65617755727875,0
0.0,1
5.156820282876422,1
13.192951282319825,1
68.0,0
68.0,0
4.1934225185261,1
9.50738401133081,1
55.80616719620612,0
0.23982627656160016,1
68.0,0
0.5409497510257619,1
49.92767963996344,0
0.0,1
14.789196636384897,1
0.0,1
52.57096950505248,0
60.290661366459716,0
4.388322140257692,1
3.634398397087522,1
0.0,1
51.08438448094684,0
9.322180083531833,1
0.014485523962759927,1
9.197585458040958,1
68.0,0
60.36626566898887,0
18.04118608382078,1
4.017193173869601,1
68.0,0
1.4313228387724046,1
2.671717243811879,1
51.362995201999766,0
0.0,1
58.46778642005748,0
8.994296517967264,1
19.220687970400093,1
12.136106938105751,1
19.058581085197314,1
7.592831574484073,1
0.0,1
49.200451368229054,0
63.38469676269495,0
15.710714213120127,1
10.370860920243327,1
67.29235767801337,0
0.0,1
0.0,1
2.762065331789515,1
16.36576499066873,1
3.068732041612906,1
10.723527134187725,1
19.708107764974162,1
68.0,0
68.0,0
59.09272562008141,0
0.0,1
68.0,0
8.971545190485458,1
21.13073707807882,1
17.058493465116534,1
0.22913096451176607,1
7.097321502320775,1
17.908906798138677,1
0.0,1
0.0,1
58.086788410230476,0
6.7190005256958125,1
0.0,1
52.799139495500846,0
2.070544684063408,1
68.0,0
2.3802627032491683,1
51.49759324745481,0
0.0,1
1.576967392096512,1
17.290556698040515,1
0.0,1
0.0,1
5.291447568183892,1
0.0,1
68.0,0
63.86142371007685,0
11.601693703840336,1
59.38660745008877,0
0.0,1
3.6489245169762414,1
0.0,1
19.058977243140145,1
53.170021072643515,0
10.503409612039375,1
6.560648101998316,1
18.522307140448003,1
0.0,1
65.89303810542594,0
53.69975789595178,0
67.20033216741882,0
56.18249623539268,0
0.980394333231065,1
63.96419902200666,0
6.178090408927925,1
65.17507635991953,0
19.194900726187015,1
1.9184032671473932,1
11.099299176380246,1
0.0,1
66.85335089310436,0
55.99384783687199,0
67.63096591169224,0
68.0,0
4.954566908147751,1
0.0,1
4.399043095512335,1
1.1319604555982403,1
68.0,0
8.244774821705098,1
7.026261548770313,1
0.0,1
61.45997696578804,0
4.364410645256128,1
50.835964753676606,0
57.61722721578803,0
0.0,1
10.133690758796341,1
0.0,1
0.0,1
60.719629046852006,0
3.3200647085568695,1
12.291393935112644,1
0.0,1
11.03245890225474,1
56.20051504289646,0
24.57574873974305,1
55.27393181590561,0
0.0,1
68.0,0
0.0,1
0.0,1
12.615720398088609,1
1.5400263229678846,1
48.937282476218954,0
9.9009739205096,1
42.993911931057845,0
61.692811109819715,0
68.0,0
9.479026577200154,1
0.5916487549330016,1
8.682469572088873,1
11.971040007886685,1
9.300847449602387,1
17.374156350629868,1
8.553030005639126,1
62.30937402888126,0
67.42254664868045,0
8.948917538338094,1
4.136796317503217,1
5.552370372476657,1
65.69166583322755,0
68.0,0
5.66833451554492,1
0.5652769201219119,1
7.249773848598627,1
14.11208520690014,1
0.8735328607310859,1
68.0,0
53.10686945247815,0
68.0,0
0.0,1
63.88312951970608,0
39.81717829173758,0
4.161734984495023,1
1.4947768896667477,1
65.6827965683355,0
6.549008400458096,1
59.422111398914176,0
1.7618335915617624,1
1.4263018216487802,1
62.97376830042983,0
68.0,0
0.0,1
68.0,0
63.89800305596381,0
11.807106861946249,1
0.0,1
0.0,1
67.51142329677882,0
0.0,1
66.51590787951578,0
7.332430703311503,1
62.26960228113822,0
7.834501145205433,1
12.882985964574875,1
6.287698284934565,1
11.60380582660923,1
4.855758725391982,1
4.85266261244969,1
8.291918000764598,1
3.559559074041204,1
0.0,1
3.237874530817947,1
9.516681132073842,1
1.9040363989523557,1
1.9910965529663271,1
8.75130170609163,1
12.078774492165454,1
64.10113924767394,0
61.48315344277009,0
68.0,0
65.27938364615332,0
0.0,1
66.5814090444764,0
9.737370227218364,1
0.0,1
1.5730551810482236,1
13.851794215193312,1
3.698910870072306,1
68.0,0
15.79178062468085,1
55.18349901977163,0
7.126758394024309,1
12.357530917780565,1
0.0,1
68.0,0
6.209082586306955,1
0.0,1
5.208144234883872,1
68.0,0
68.0,0
68.0,0
6.519207205251931,1
65.6548595530289,0
4.780288504465398,1
18.773665233295027,1
10.702015125615091,1
0.0,1
42.39163036835339,0
57.426568841669216,0
11.87162647353862,1
10.500663780688793,1
45.866327319443904,0
0.0,1
23.68983776725927,1
0.0,1
68.0,0
66.78394681854965,0
5.2198227954249,1
1.0727087063037577,1
9.08461566317921,1
14.019697550938123,1
51.69972974462419,0
68.0,0
56.73883800835548,0
8.374998193900376,1
68.0,0
63.577047442830704,0
0.4050997500648066,1
4.709045567621463,1
12.451650193196768,1
0.26604913358812343,1
50.428859516223724,0
49.36703786139968,0
56.11723226325323,0
65.41118362200551,0
0.0,1
0.0,1
7.501971631698675,1
3.2868920672220336,1
68.0,0
10.626502638841838,1
2.2644855681911196,1
61.88279161239915,0
3.521634940919326,1
63.09491151004143,0
68.0,0
68.0,0
0.0,1
50.65532171806002,0
68.0,0
66.85476242721454,0
0.2747632036819372,1
0.49776826205221525,1
10.403297741050768,1
17.258128173862502,1
68.0,0
0.0,1
68.0,0
63.51120853368193,0
56.47852595422464,0
0.0,1
63.900848919835965,0
7.4715297959737645,1
10.032019031814208,1
51.941470271328626,0
59.69120856854819,0
68.0,0
11.453451746831053,1
11.129745269660734,1
66.34744348055466,0
63.42277919381267,0
68.0,0
68.0,0
60.58299750256337,0
30.0,1
12.60188407187631,1
0.0,1
68.0,0
8.967802845331633,1
14.737940680168482,1
17.69876174676182,1
0.0,1
8.251978143992996,1
6.539165495208237,1
46.4583887337362,0
68.0,0
68.0,0
6.844330484262176,1
60.172090844493084,0
0.0,1
11.281049547624033,1
0.0,1
3.210625662063011,1
28.982574287531545,1
61.476068590814855,0
55.42489862632712,0
55.60792101876789,0
0.0,1
1.418206690624861,1
2.7822875973344217,1
48.776095881148066,0
41.00218017927939,0
68.0,0
60.227693378390434,0
13.670487166917194,1
1.4134178584238408,1
68.0,0
0.0,1
65.22032146701527,0
68.0,0
60.76751508137739,0
68.0,0
56.98715666703682,0
9.328859488972089,1
39.422311511801865,0
8.666647519429286,1
50.25443806121042,0
68.0,0
12.154082390097361,1
7.154418154654959,1
0.0,1
3.111952666781209,1
9.859448786528919,1
55.76769345242671,0
68.0,0
8.418718643933815,1
53.69767928085274,0
59.95033999506806,0
8.036306544548445,1
68.0,0
0.0,1
7.361501325825888,1
1.4839411298915177,1
6.361475897385473,1
13.058493359079907,1
11.506695195805234,1
10.954749173678476,1
5.422833196911917,1
0.0,1
0.0,1
7.61906062870906,1
15.178804295090544,1
65.13997652160221,0
68.0,0
0.6528770250521196,1
0.24451640820769427,1
14.708603090863768,1
9.37306669794602,1
11.468282531333413,1
13.470420104101443,1
5.901231277431902,1
0.0,1
9.074495221113278,1
7.224120807726179,1
3.98946934983769,1
13.061612256662759,1
5.713255335088429,1
19.006622995777754,1
0.0,1
11.591483459513906,1
68.0,0
13.579006591829327,1
6.246820753273246,1
0.0,1
1.7003352280506192,1
43.20733550397722,0
0.0,1
68.0,0
5.079024770792302,1
7.588420615464901,1
9.592186439874371,1
14.481255482107585,1
0.0,1
67.68677365722026,0
0.28547415999040116,1
6.393951272934155,1
44.65273725339531,0
0.0,1
68.0,0
0.0,1
4.249138021595287,1
0.0,1
16.51663320407125,1
9.016888999346246,1
46.24375416543319,0
14.591697104988452,1
14.408086900672508,1
65.68838845130644,0
1.651435569990717,1
11.607572857273404,1
5.432683268985277,1
52.78364744581586,0
9.697271389677756,1
5.498717486997989,1
0.0,1
60.91825526784935,0
0.0,1
68.0,0
0.46534320965199427,1
68.0,0
56.465264887372015,0
1.9356022718307808,1
67.5305442579044,0
2.644295200492205,1
0.0,1
68.0,0
58.747334877400235,0
17.234431253079297,1
53.07404579357569,0
43.08796330745078,0
49.52759444294439,0
7.367683548107873,1
2.9096980735219433,1
63.48552691678354,0
14.6421463478584,1
68.0,0
10.297941061377943,1
57.695948698130806,0
12.59252225418332,1
10.304988626893817,1
68.0,0
0.3004557565241157,1
13.899538704041028,1
51.7253844694037,0
49.69059847686395,0
57.62178576962946,0
68.0,0
6.754625658425238,1
6.387437273213863,1
0.0,1
3.020460186520163,1
9.343273723150439,1
14.350862706548803,1
61.89782868936867,0
0.0,1
66.65023509818576,0
45.359812422170236,0
6.417796578175892,1
58.509835140425146,0
15.791693657389786,1
58.19981565772642,0
63.087277390838395,0
0.0,1
51.51737219153978,0
1.522983277960261,1
41.04591161186232,0
15.495589991600848,1
65.75278383283406,0
65.71292170160248,0
57.63097347328872,0
6.543107051184162,1
13.061040580200626,1
11.526820903422138,1
0.0,1
10.282969399014833,1
19.802885654071915,1
4.902494439639453,1
68.0,0
7.200266953563197,1
0.0,1
8.423913326469155,1
10.510377069145065,1
0.0,1
0.0,1
9.355956621228277,1
3.135558773355612,1
15.286699669169824,1
68.0,0
3.1769106223256087,1
48.85108781454707,0
57.44300332356902,0
52.02929272700541,0
22.017718671165426,1
68.0,0
68.0,0
7.971829869651462,1
0.0,1
4.443489011526328,1
8.292275090782892,1
68.0,0
68.0,0
0.0,1
68.0,0
56.854315339438024,0
51.30516650364342,0
1.837253391868218,1
0.0,1
0.0,1
68.0,0
55.87187023756816,0
68.0,0
56.71058368472383,0
58.83627847103671,0
3.300249182940311,1
68.0,0
38.56371795950553,0
7.122960546678366,1
58.18149200691912,0
16.18436978130927,1
7.989625580687907,1
67.37476870549206,0
9.746629504685428,1
3.2069931177761415,1
0.0,1
0.0,1
7.765620702225536,1
0.0,1
7.5772360069578575,1
0.0,1
43.79705553773454,0
56.17798395645089,0
20.033159217009405,1
52.80871586359594,0
58.59140164131145,0
0.0,1
10.320087080413657,1
65.14246685351391,0
50.02673908214201,0
45.86553055232997,0
15.634693064638697,1
50.278246932627496,0
0.0,1
68.0,0
0.0,1
64.01015787025486,0
21.5450235291787,1
1.0501264282883223,1
0.0,1
58.26351709137288,0
56.098717516085976,0
0.0,1
12.058898160509726,1
12.101141940862245,1
16.577950326789022,1
68.0,0
3.084380635294872,1
68.0,0
14.038982121986184,1
3.3314350628675187,1
4.007685905877905,1
68.0,0
65.06554585387624,0
4.068279935384119,1
68.0,0
56.59380697209235,0
16.637782428444275,1
13.598419991681297,1
63.32581515206727,0
68.0,0
0.0,1
68.0,0
16.737743041603483,1
61.26344927642389,0
58.40050510373255,0
4.542198802926833,1
0.0,1
6.638574515184502,1
60.70587085012971,0
8.379790394092876,1
68.0,0
0.0,1
68.0,0
0.0,1
12.49090740758737,1
25.777234142479667,1
51.065752328577005,0
0.0,1
68.0,0
18.89889883089983,1
7.44107494828928,1
8.75444141198139,1
68.0,0
10.20581448114572,1
68.0,0
0.0,1
0.0,1
66.0192497117732,0
57.71823454556392,0
18.061143114742716,1
61.15278600533429,0
6.686580225369497,1
65.51973482337952,0
68.0,0
68.0,0
3.12987524854888,1
8.077441204371661,1
68.0,0
2.810013530141327,1
50.79489889893755,0
0.0,1
58.31067814160414,0
12.198672825050506,1
68.0,0
58.15964524131777,0
26.290503346445796,1
56.601420237993615,0
66.06519442378035,0
0.4877866576593286,1
12.633502710278186,1
63.38061049677328,0
67.39362484496228,0
0.0,1
63.423845214045926,0
1.7719274581811342,1
2.360645952834429,1
15.108623578273097,1
9.641460902262,1
68.0,0
18.046080653649422,1
0.0,1
30.0,1
68.0,0
0.0,1
4.480039941104138,1
5.988080231394507,1
67.67161096636578,0
55.45785298859573,0
5.476005974062927,1
65.2152393283904,0
46.56405400098885,0
2.4429303409170844,1
5.9932738216995745,1
68.0,0
68.0,0
11.730295363711436,1
68.0,0
68.0,0
3.771275067976218,1
7.263889748808792,1
14.419622028210458,1
2.194736206598881,1
1.8510366858898082,1
1.3890711908316593,1
67.65986691955221,0
68.0,0
3.4850473354323874,1
64.80586487203874,0
13.796652236380304,1
10.576953626562728,1
0.33826518266362093,1
60.8535508023622,0
7.763622001639443,1
13.14482402811672,1
68.0,0
68.0,0
53.48651445597028,0
68.0,0
2.7093624928596776,1
5.56565346906854,1
21.80747789194978,1
4.1787328504092285,1
10.010427847715656,1
14.617424773890868,1
0.9057900156952998,1
2.2329241497101346,1
4.94442866585599,1
0.0,1
68.0,0
52.19252875969092,0
68.0,0
0.0,1
0.0,1
47.93323071885803,0
67.87189143560074,0
60.46631417469282,0
68.0,0
48.29089642006174,0
68.0,0
55.0794287118869,0
63.73844426727797,0
68.0,0
0.0,1
65.57544011240235,0
0.0,1
0.44404278421769217,1
68.0,0
68.0,0
68.0,0
47.64172995199475,0
8.598115321194195,1
16.08727089016021,1
68.0,0
0.0,1
3.123335987913803,1
3.0120236577825343,1
10.283681575858603,1
68.0,0
9.336660003875226,1
68.0,0
0.0,1
68.0,0
37.86369301855839,0
0.0,1
2.969741511994598,1
14.833264835832743,1
0.0,1
68.0,0
3.105787506492417,1
3.7335055928603156,1
13.52431609799902,1
59.705732326601165,0
68.0,0
68.0,0
64.42838790195044,0
37.504156647389216,0
0.0,1
15.024512067384698,1
57.91390462539799,0
0.0,1
0.0,1
68.0,0
0.0,1
0.0,1
68.0,0
8.385968133719476,1
11.573586805820351,1
0.0,1
0.0,1
53.793702712039284,0
0.0,1
12.658763722704748,1
15.006372562041651,1
7.368112685692836,1
68.0,0
10.617504900540123,1
67.12162052054622,0
13.221287359221805,1
3.4650981702071872,1
0.0,1
68.0,0
8.67041862153805,1
67.42055902134638,0
64.36122345928605,0
8.643948899815195,1
61.11284455885949,0
68.0,0
17.36541534236055,1
0.0,1
0.35007484218102203,1
0.7199191252413017,1
12.963768414816641,1
68.0,0
0.0,1
5.655718687690346,1
67.6842991599144,0
0.44207267885443713,1
0.49855048711018224,1
9.437179094178662,1
3.0320014557422166,1
0.0,1
10.530393045660784,1
68.0,0
9.415623053429709,1
12.602708118707149,1
16.38020855440652,1
68.0,0
11.01146022456738,1
8.518771442946633,1
2.4071475948925385,1
64.50392616081089,0
61.8355382305345,0
7.811755969890992,1
5.728817366409668,1
46.24462763483858,0
54.549021405011324,0
58.690763575056216,0
2.25547681584379,1
18.94251252804109,1
8.21485751243191,1
0.0,1
54.850839098053214,0
0.19022218205792285,1
68.0,0
5.046258129145474,1
68.0,0
64.9217881087304,0
0.0,1
66.04347646930619,0
0.0,1
0.22192561764255014,1
68.0,0
63.78922553636492,0
0.0,1
0.0,1
63.58665000030983,0
59.050429867630065,0
9.578448182025687,1
64.77581319713624,0
68.0,0
9.399539473118157,1
68.0,0
13.575231954194702,1
8.554006001391434,1
16.915746664653145,1
0.0,1
45.312482380681196,0
18.827029655171785,1
61.68223721306689,0
49.47377960403404,0
0.0,1
0.0,1
0.0,1
63.51075008071036,0
13.99923442108986,1
0.0,1
6.3555905744052446,1
0.0,1
56.45224963657358,0
65.10914279313621,0
16.440744637011825,1
5.499608769033197,1
8.767788539741925,1
56.220373943286226,0
68.0,0
12.119298174054336,1
51.47121028730285,0
0.0,1
68.0,0
6.774176071806259,1
2.170525470431028,1
68.0,0
0.0,1
13.830848253433249,1
14.580428356414597,1
8.201897102967665,1
8.302993767347814,1
0.0,1
0.0,1
7.291312483959981,1
68.0,0
0.0,1
0.0,1
63.61818482189812,0
2.934694668382056,1
2.0045554057621455,1
4.401050717122301,1
0.0,1
19.128378222907575,1
2.060566705964488,1
68.0,0
4.335974391020854,1
0.0,1
9.183958506203968,1
3.808225181416191,1
0.0,1
5.809241253580685,1
19.190451187507378,1
8.403910091085855,1
56.69036730726289,0
68.0,0
57.26936909383231,0
68.0,0
0.0,1
0.0,1
8.289017452569887,1
0.0,1
68.0,0
16.073986637015114,1
68.0,0
0.0,1
64.90245906872413,0
0.0,1
68.0,0
55.480612328439,0
5.881809327530048,1
5.15754006025412,1
68.0,0
15.304334166227925,1
51.24436599413919,0
13.703447864502646,1
3.793786744515062,1
68.0,0
64.74326225254096,0
11.219564626578293,1
48.32422545648091,0
59.876713533342546,0
63.29692148305478,0
0.0,1
0.0,1
10.280392007488263,1
1.0456432333035885,1
0.0,1
0.28027712610602595,1
64.99707223678374,0
3.5896587923509164,1
64.78774352432353,0
50.6061889224995,0
9.929165738014493,1
48.686191652822245,0
10.977401293057166,1
8.395501058239763,1
0.0,1
0.0,1
6.934639077924009,1
46.04175148539824,0
68.0,0
14.504648068497406,1
59.13986537453277,0
68.0,0
52.76514998019745,0
56.12015568968787,0
0.0,1
13.937437896284749,1
1.7725009563309415,1
11.969991281844365,1
63.87122794442971,0
0.0,1
61.76526187134627,0
5.400215326213894,1
30.0,1
4.928070338386744,1
4.797427884583447,1
45.411630828737955,0
0.5024751369363418,1
6.915403046013683,1
62.05546885694956,0
5.972133377062395,1
3.568007491854268,1
68.0,0
68.0,0
61.17245772239596,0
37.497962591313936,0
0.0,1
67.43235469621645,0
3.383025753348992,1
65.03734973813026,0
8.991861316104842,1
7.231919470154246,1
9.658720983449701,1
60.36162415250652,0
68.0,0
9.626136812119903,1
68.0,0
68.0,0
68.0,0
68.0,0
8.847969750673837,1
15.697253220190358,1
66.19111736501833,0
8.2773482644513,1
68.0,0
68.0,0
49.18339912294554,0
12.797562159519426,1
0.0,1
15.914630969065065,1
0.0,1
0.0,1
14.395629415412149,1
66.49003579272487,0
13.745065698950324,1
59.67458615366822,0
0.0,1
45.787265191221195,0
1.660899045173657,1
57.33550580282087,0
68.0,0
0.0,1
68.0,0
20.141914438048612,1
0.0,1
59.744778074240465,0
0.0,1
68.0,0
2.165809317833124,1
68.0,0
43.604084424401705,0
8.898885814671043,1
9.173545806584684,1
5.113551558672232,1
7.5402466214081585,1
3.2977877264928193,1
0.6332503792920505,1
68.0,0
0.0,1
68.0,0
55.983465389071505,0
0.0,1
68.0,0
0.0,1
3.3577363380548397,1
0.0,1
0.0,1
68.0,0
0.0,1
20.816724927717857,1
2.4699281969838633,1
68.0,0
21.66365723160224,1
7.9678512060547915,1
10.644238636662916,1
61.15718736156441,0
5.1848661968950305,1
66.63686250429824,0
50.93094889755571,0
55.52340370089194,0
6.362097374188345,1
68.0,0
6.875954951911446,1
5.581822435418727,1
10.607358270703768,1
3.9435164079927336,1
64.35614576969427,0
19.61901247783066,1
3.267451503071724,1
0.0,1
15.957400485876938,1
68.0,0
16.71673743923248,1
4.405674239887665,1
0.0,1
53.34233365802901,0
54.23443535717534,0
19.87310614972,1
65.11877527720522,0
68.0,0
59.22486614861563,0
1.4623022340004002,1
66.66834022511104,0
7.101218516819118,1
16.057357492347546,1
0.0,1
62.43449438573597,0
14.033612056331776,1
0.0,1
0.0,1
66.26400738184189,0
2.598048687172175,1
11.193216364608585,1
0.11168245596029713,1
0.0,1
0.0,1
7.5273815846584196,1
5.384280749269318,1
0.0,1
57.122745957506496,0
4.29156712319854,1
65.33783362904023,0
68.0,0
50.02716830690028,0
4.496298264203022,1
9.011520873871675,1
57.80104537010457,0
10.486527077694747,1
0.0,1
0.0,1
66.88408651081649,0
7.9254987560387775,1
2.270441134662278,1
7.667130387857488,1
12.896143036030633,1
6.197802922171881,1
0.4617680457603832,1
18.020209151694477,1
19.026479921861828,1
11.83571640147759,1
65.75714802304712,0
0.0,1
68.0,0
62.20005717534149,0
0.48476757655714664,1
15.073309602305365,1
0.0,1
2.6769792156265657,1
17.040046265468078,1
23.50954505961851,1
0.0,1
14.95392118575581,1
6.43844555649345,1
13.491478349182298,1
41.85544257400775,0
14.671852384784291,1
4.1795420445281914,1
0.0,1
8.24557065173893,1
5.135537238244913,1
12.049172250160607,1
0.0,1
51.77991187730305,0
62.807132183833716,0
0.0,1
14.572001476277933,1
2.1299893723822705,1
1.6255286717259803,1
68.0,0
6.942254356117619,1
4.970508402938345,1
68.0,0
49.00050577877097,0
3.567372225770649,1
68.0,0
6.444667417293731,1
15.427717106607446,1
48.3332456124773,0
11.95298611623329,1
1.0020768308997283,1
0.0,1
55.49530307119623,0
53.896218556503136,0
52.06332992429939,0
3.415661869841913,1
68.0,0
46.56954773240114,0
12.090104402695115,1
65.4317205873224,0
68.0,0
68.0,0
0.0,1
22.223125504739084,1
68.0,0
46.81704682137572,0
10.17838636754404,1
14.32740208138716,1
0.0,1
68.0,0
46.64940279857487,0
9.082455215345783,1
68.0,0
13.672275435849524,1
0.0,1
0.0,1
62.46908861087585,0
14.893171007868826,1
9.185502158036464,1
6.40827796399604,1
7.352731122231655,1
68.0,0
0.0,1
0.0,1
3.2981661373629834,1
52.20949582519776,0
62.87282353656349,0
14.531223885454114,1
0.0,1
0.0,1
56.767531196494126,0
0.7251573940325784,1
7.417230985437279,1
0.0,1
68.0,0
4.122018376089866,1
16.226327125700337,1
63.79385944932162,0
9.007467545043877,1
0.0,1
4.397959405128098,1
10.2505625117315,1
3.20348217184321,1
0.0,1
17.078939802072934,1
0.0,1
68.0,0
68.0,0
68.0,0
11.487108384042951,1
4.772329449230193,1
63.956491293309156,0
68.0,0
15.253975338485521,1
1.5875831778406604,1
0.0,1
11.476044449369784,1
9.49087102205598,1
0.0,1
68.0,0
0.0,1
11.550895308557184,1
68.0,0
7.4499752563152075,1
66.51203350314091,0
9.972655813349174,1
0.0,1
68.0,0
23.43396470766443,1
0.0,1
54.023539252438795,0
8.897417904484058,1
21.164473416228507,1
68.0,0
4.601596027594487,1
0.0,1
14.200815137285964,1
57.31552586900434,0
10.932864100163776,1
12.041500172606703,1
3.181824953479926,1
11.014959169373679,1
4.237200822099157,1
3.978736572864387,1
2.1772503093102795,1
4.177201606131313,1
63.31214438326561,0
8.442426283783508,1
3.0934417703651746,1
68.0,0
68.0,0
68.0,0
66.32496668675563,0
1.7691952444422014,1
4.617312370693551,1
6.8710645371723125,1
0.0,1
68.0,0
68.0,0
66.31316115745605,0
0.0,1
14.964588852820803,1
4.094228519114677,1
66.44466732792597,0
63.46188558483368,0
3.2119924339063113,1
8.063001809563833,1
10.522806834820026,1
0.0,1
63.769907396403916,0
0.0,1
2.2741188696769217,1
11.983583698744312,1
20.858449124608867,1
54.00446709497625,0
1.2797217589584684,1
56.617179242899844,0
10.142480328983947,1
62.6138218656385,0
9.902098581155895,1
17.76043362986066,1
0.0,1
68.0,0
17.842772995466373,1
1.872360553385803,1
0.0,1
15.610079063791886,1
0.0,1
0.0,1
7.643021816360342,1
0.431853114772327,1
2.973690253631822,1
0.0,1
0.0,1
68.0,0
0.0,1
54.846979459759964,0
51.9289002287936,0
46.74744919773072,0
10.985188904471308,1
10.139317182953988,1
4.801697932329216,1
68.0,0
53.793800124996324,0
0.0,1
6.110822414378683,1
66.91746406303285,0
3.7219247154923236,1
62.24070205762053,0
15.600343552186896,1
68.0,0
68.0,0
0.0,1
14.936271918810984,1
0.0,1
3.920122419165323,1
0.49952528264625506,1
4.293533561146942,1
0.0,1
9.626342916248998,1
0.0,1
0.0,1
67.9391870449368,0
17.44530161105658,1
62.216762228453504,0
63.105302600444446,0
50.24393581350013,0
7.20717504376636,1
7.430442952648008,1
16.46343286592776,1
0.0,1
11.927079727992039,1
0.0,1
60.36576653944494,0
0.0,1
8.59896594696847,1
0.12736998844217862,1
68.0,0
0.0,1
20.71798297900274,1
7.104275852310812,1
6.417988800725883,1
3.1977991203484035,1
8.137828754421188,1
4.640759231720592,1
67.79320822551553,0
68.0,0
2.4931140316306504,1
68.0,0
64.84412898401051,0
55.90349804061704,0
63.52674365517913,0
63.7557571150366,0
4.91703915625876,1
5.7432138490088205,1
8.320594746974221,1
68.0,0
54.39811675247813,0
0.0,1
0.0,1
67.35481845693505,0
0.6853696189454377,1
2.4640209543686993,1
2.942873086407481,1
6.237351587258175,1
13.791047717249246,1
5.008185048447763,1
57.117380526693324,0
2.30944656403135,1
9.256530905094763,1
0.0,1
52.15198592246792,0
15.558266656306362,1
10.034813789988739,1
4.274562333980524,1
0.0,1
0.38149677921954606,1
68.0,0
64.80166818651585,0
68.0,0
53.58456055873005,0
11.306607508528145,1
68.0,0
0.0,1
3.8723499693709287,1
8.797994436111093,1
0.6657253857370939,1
15.488765041865022,1
9.757025676114008,1
0.0,1
2.6053430546298926,1
57.08659111468507,0
43.213438591536246,0
59.95067383340368,0
44.90689398707502,0
9.552992020351319,1
44.2800656288061,0
8.316295302710698,1
0.0,1
17.836679621081608,1
10.608091547048723,1
3.0860092902545926,1
21.584270004900375,1
21.60845918544459,1
18.530837953449804,1
53.87879089350757,0
62.590223323305516,0
65.50665627620991,0
2.826545568852253,1
68.0,0
0.0,1
42.338302073502106,0
0.619585115834763,1
10.004716042206514,1
57.35243425091596,0
0.0,1
65.15259144914717,0
63.493874265858764,0
0.0,1
0.0,1
19.95859243303057,1
4.98422032105878,1
1.3497532918153632,1
1.096392295491094,1
3.233572346678614,1
5.9583085487171985,1
8.588899324665551,1
6.566251344741561,1
15.292053092033303,1
11.755028543866679,1
0.0,1
6.096038617345081,1
7.392478848898781,1
3.1889740158896034,1
67.9112279970405,0
56.054510940754696,0
68.0,0
4.1135127292364615,1
10.115899557519644,1
0.0,1
3.59439152786703,1
4.131514080566504,1
68.0,0
0.0,1
66.30007421804737,0
12.488075128537778,1
68.0,0
5.805896591157323,1
11.757133234083334,1
13.493721241490814,1
6.712372276360713,1
2.730701282564442,1
0.0,1
68.0,0
41.43105337351912,0
0.0,1
61.5532553187731,0
58.70330008522527,0
3.6565405394158037,1
45.561027381335485,0
0.0,1
6.880665224255502,1
68.0,0
16.698211792676954,1
6.391682573817533,1
1.4405699404381216,1
13.705053352635264,1
50.51549246652444,0
9.429768592327521,1
0.0,1
0.0,1
1.7903717195167572,1
9.334928703989338,1
3.9518639608196717,1
11.679312103850819,1
68.0,0
68.0,0
0.0,1
67.0205031890912,0
63.329945177912776,0
68.0,0
1.1670390267464454,1
63.733329689931885,0
0.0,1
3.7854226405463436,1
0.0,1
7.537651725861984,1
17.12804259311779,1
6.003702698281504,1
68.0,0
50.96150667565583,0
0.0,1
0.0,1
13.623258536508505,1
0.0,1
9.710113994407664,1
61.83980039176326,0
0.0,1
67.23758548174817,0
10.392969818513576,1
2.9177010260451537,1
68.0,0
68.0,0
12.072476598797863,1
3.698668319941508,1
68.0,0
9.081568876658274,1
0.0,1
55.360712294803164,0
62.98058862774511,0
56.14895844118151,0
1.4095856787891368,1
3.7540972129042194,1
12.971878186751468,1
4.273689877431682,1
8.683783029853926,1
54.174679324124476,0
0.0,1
68.0,0
68.0,0
68.0,0
2.0930152294751077,1
8.160054926867879,1
5.950950932753985,1
4.560044927783177,1
0.8047257742688712,1
0.0,1
61.61928409556979,0
15.544531718180789,1
0.2936314855496436,1
11.233755160763796,1
10.101214209351319,1
21.985916714835103,1
68.0,0
6.363211848373199,1
68.0,0
2.9068957344728945,1
5.068935362375009,1
68.0,0
60.98787739182328,0
0.0,1
20.824090956752347,1
20.16104176498387,1
1.4230483744980105,1
68.0,0
10.87475963244503,1
0.0,1
15.258204051591921,1
0.0,1
8.288647886310212,1
62.03049901697693,0
68.0,0
10.832100377415124,1
2.6309783012529917,1
1.0835299955163435,1
8.240166040037627,1
52.94050146353699,0
8.27351233786638,1
0.6608456459286174,1
53.52007590352953,0
49.98531712656827,0
68.0,0
1.6141296434993242,1
18.739650471526318,1
0.0435634207656479,1
13.289044544734772,1
0.40642800297115844,1
6.980201483146797,1
66.45514156272534,0
0.0,1
59.55222198638499,0
0.0,1
0.0,1
15.233298700875494,1
7.449250039551438,1
0.0,1
21.393570997683042,1
57.56308337664896,0
4.4919207111682535,1
0.0,1
68.0,0
0.0,1
0.0,1
3.987426738021594,1
17.2747916257641,1
63.88966571156022,0
0.7685832778172115,1
1.72645913570119,1
68.0,0
14.39063793790774,1
58.359125010332804,0
68.0,0
0.0,1
64.52352902261434,0
0.0,1
1.7920398231195622,1
3.5784516599081653,1
3.421220687604725,1
68.0,0
68.0,0
11.163428893516496,1
61.67560353473072,0
62.339310720796675,0
0.0,1
55.84871625937603,0
66.97653526240181,0
57.97821265955175,0
0.0,1
9.930173655897207,1
58.14989853899329,0
0.0,1
31.32797437592665,0
0.6885023955377791,1
68.0,0
65.43567692708676,0
68.0,0
11.15627505108522,1
0.0,1
68.0,0
0.0,1
66.47366300526153,0
56.86451477843571,0
5.947075309280844,1
57.68063773115857,0
67.30611134428887,0
60.415213666002124,0
18.75816254600895,1
8.471278791644275,1
0.0,1
52.23494908880671,0
68.0,0
55.980028622368245,0
6.307443033844535,1
0.0,1
46.8076946296838,0
3.7236928698431013,1
0.0,1
3.8925439778298987,1
0.0,1
13.25076080211727,1
13.266878875601588,1
68.0,0
12.212943949042778,1
2.881037155322753,1
68.0,0
68.0,0
0.6264982691985104,1
68.0,0
59.72401954384341,0
0.0,1
0.0,1
6.851641691263895,1
1.3775921284383084,1
0.0,1
14.787265048905578,1
2.2162888042083093,1
68.0,0
68.0,0
68.0,0
11.694022753462303,1
68.0,0
2.737381134435135,1
50.992590577865386,0
14.261986020897126,1
63.702041412010146,0
4.612481889149167,1
8.635084008476552,1
0.0,1
0.0,1
66.97616190106123,0
5.374427737528087,1
6.3184394020052945,1
55.34204241647304,0
0.0,1
10.170799790617856,1
2.3777084368599586,1
6.249931151543063,1
63.940820234844566,0
16.806253357769986,1
0.0,1
6.31487274694494,1
18.486370111775912,1
7.156097016104676,1
64.08692444161188,0
1.8689475329544973,1
36.78192216830223,0
12.801697098626612,1
14.886004696297029,1
2.975705846418224,1
10.315104349862395,1
0.0,1
68.0,0
51.027433949796304,0
17.99200301702186,1
14.562498473617488,1
14.549089646092071,1
68.0,0
4.30258132672011,1
5.356415186324707,1
7.479307069739024,1
65.82118315834754,0
68.0,0
2.9675789445508123,1
68.0,0
6.431374803731255,1
62.31786482155877,0
52.55224111664745,0
8.150579923154494,1
53.920461864566306,0
9.585063284697478,1
2.159369133165121,1
9.608184953791763,1
3.701059233282075,1
4.1936299620111805,1
0.0,1
52.01715632012496,0
68.0,0
0.0,1
12.711783391399152,1
68.0,0
13.678066641874,1
11.86541622088314,1
22.601730283482073,1
0.0,1
9.49360055164054,1
55.14345376670751,0
68.0,0
10.260578866846583,1
8.647994236429914,1
53.78744915695838,0
0.0,1
13.727738681574323,1
21.00681279302698,1
3.9535816259535306,1
68.0,0
68.0,0
11.187279328799335,1
68.0,0
2.847494422241157,1
8.901971849379873,1
10.659800283220267,1
57.20542497886457,0
68.0,0
12.075784865587284,1
2.098528151953851,1
47.43911089035747,0
61.29111954614818,0
1.0518106959925708,1
7.212637857910648,1
67.74473084498882,0
18.24770914084542,1
60.38354988658279,0
6.691747426893205,1
4.507739845160635,1
52.98647384870534,0
68.0,0
0.0,1
0.0,1
68.0,0
68.0,0
68.0,0
2.8778560374061595,1
2.27471545695987,1
12.035131111051953,1
0.0,1
68.0,0
68.0,0
6.934300153979667,1
12.273174321832716,1
2.9189958986421725,1
0.0,1
59.3925006567938,0
2.4782610467011095,1
60.27653522378446,0
2.6397246281255575,1
7.650947165014358,1
48.766281678938434,0
0.0,1
0.0,1
0.0,1
68.0,0
6.792638720846077,1
3.350451862450587,1
54.81574090173869,0
7.571792545034007,1
52.068177557573605,0
14.149222115874384,1
10.716812542034376,1
4.506230254607003,1
46.53312249095314,0
10.71330997287377,1
12.569716989407434,1
49.42783663468716,0
6.354569256109696,1
45.40477297403433,0
3.745992406200768,1
11.644960875864033,1
64.55643580439174,0
68.0,0
57.28710186590287,0
8.829721512305639,1
6.396836796693954,1
8.344556195200074,1
48.02457819373983,0
6.296508450913549,1
52.42745377848391,0
0.0,1
55.51850189475425,0
0.0,1
7.420102300420234,1
4.830304509152348,1
68.0,0
61.604386403316866,0
68.0,0
0.0,1
12.796620564215923,1
17.191470428028246,1
2.5131561679637966,1
2.4339006938192207,1
7.764328906690032,1
68.0,0
68.0,0
68.0,0
68.0,0
0.5917898109901527,1
3.6729221800529266,1
2.4547653805830913,1
14.491506962271682,1
24.18375445587876,1
46.757402399082046,0
0.0,1
68.0,0
52.92359556054524,0
62.82079683927612,0
0.9747378903287771,1
8.381256124214778,1
68.0,0
1.092859270768741,1
68.0,0
7.341991661957551,1
3.1904986586189183,1
0.0,1
65.7884947448938,0
40.475324966243306,0
55.13646750472021,0
9.846013368907037,1
68.0,0
3.6766369865718422,1
57.04803550095268,0
10.865155844142304,1
68.0,0
10.90237416629948,1
12.88068742204479,1
68.0,0
4.7422311190594515,1
57.33474861369494,0
3.3139617796115557,1
0.0,1
2.3413267905459794,1
5.368623563697254,1
7.851264875376275,1
0.0,1
11.748857752633455,1
0.0,1
0.0,1
68.0,0
8.874363442162295,1
1.003896001392882,1
0.0,1
51.649905746773925,0
0.0,1
68.0,0
9.37674401905175,1
5.956058136818892,1
49.19978518877027,0
68.0,0
0.0,1
68.0,0
44.267207891440776,0
4.960856593090717,1
8.827902856378369,1
7.074339388110342,1
4.378571466574413,1
3.007043125032705,1
3.302934410087763,1
0.0,1
7.9140946155353475,1
15.147756305854731,1
8.549699317844976,1
0.0,1
68.0,0
0.0,1
58.27704766011256,0
11.683641737050918,1
0.0,1
9.776174864368503,1
68.0,0
63.27702547915943,0
3.5704861035513034,1
0.0,1
6.04930995067652,1
0.0,1
6.935626559335159,1
0.0,1
9.030701585173615,1
2.8602466448046426,1
6.0848885716215015,1
16.29310846216072,1
21.756831972941125,1
68.0,0
0.0,1
64.32688995664289,0
68.0,0
67.16098557192878,0
68.0,0
68.0,0
0.0,1
1.8476779961927416,1
0.8681576673262046,1
6.678412443286761,1
18.76601540132791,1
0.4102522864669709,1
0.0,1
14.595656208212592,1
63.50846343704445,0
44.01847377024879,0
66.47344087115556,0
2.576786471450936,1
6.964964666936094,1
10.090767804790467,1
10.252402730874277,1
55.291291656469795,0
10.801339775164024,1
0.0,1
56.44302250128184,0
65.08742134152047,0
68.0,0
11.70426630270744,1
0.0,1
68.0,0
13.72791116457671,1
0.0,1
12.139314175424147,1
15.48687990599172,1
67.56757758122264,0
15.800102507353223,1
0.0,1
2.51250397127917,1
0.0,1
5.955267224671872,1
68.0,0
0.30419588161436817,1
15.291612439593557,1
57.77344929340678,0
5.123465795574064,1
68.0,0
21.300617654746272,1
0.0,1
56.107462656650355,0
13.878061488153175,1
0.0,1
68.0,0
68.0,0
8.1509530541415,1
7.814482689719629,1
0.0,1
68.0,0
26.133801536279236,1
0.0,1
5.228519622079362,1
0.0,1
47.337783851849004,0
8.834554553540954,1
0.0,1
55.62033993347257,0
0.0,1
0.7663999304491176,1
68.0,0
0.0,1
61.21996506283913,0
16.276676090195505,1
0.0,1
0.0,1
68.0,0
66.51395312713885,0
2.572428095326363,1
10.889995830549722,1
46.669940238378246,0
66.72294908475357,0
6.868371250698754,1
2.50555519250855,1
56.75731072323095,0
61.46004424451217,0
0.28559783416901485,1
49.02314069214802,0
68.0,0
67.70399138605492,0
55.743395324827304,0
0.0,1
16.96975143399491,1
67.27793527012417,0
61.412909016530726,0
68.0,0
46.74685498549902,0
52.545490649540795,0
4.279098488154088,1
17.74056807200991,1
6.975971265076953,1
7.913045116764916,1
16.127923445261988,1
9.610889172097252,1
0.0,1
54.65233193487285,0
9.007300444797803,1
68.0,0
7.274693578519621,1
0.0,1
68.0,0
10.689122950805062,1
0.0,1
68.0,0
57.376216092316795,0
6.67777041816659,1
58.153682821501086,0
11.174740292668991,1
0.0,1
18.704927598049093,1
1.2647703294841879,1
3.3116740704875296,1
68.0,0
7.522238710665919,1
0.0,1
18.15916419218775,1
3.1393013380683934,1
6.4995921010713404,1
47.692711375883555,0
8.256677884999801,1
6.763116904390092,1
16.168065057555314,1
3.5882013856967334,1
4.681491378798111,1
0.0,1
17.826740809957485,1
8.885418337673638,1
4.857917900751047,1
0.0,1
48.9776630923013,0
4.427628012955647,1
4.2695534387333485,1
11.952015400598418,1
3.812874455580494,1
15.046875023432666,1
68.0,0
68.0,0
12.155942814474482,1
68.0,0
68.0,0
39.900090463890784,0
58.667325428136735,0
63.60837918383945,0
11.005667175893251,1
68.0,0
4.6247881863428235,1
66.64107932477714,0
0.0,1
0.0,1
54.85367156196713,0
32.07107557740312,0
2.3894710291537056,1
18.838730328946717,1
0.0,1
0.0,1
4.998599544716616,1
68.0,0
68.0,0
3.931223494706088,1
68.0,0
11.418405292425945,1
68.0,0
66.40349241157234,0
68.0,0
68.0,0
0.0,1
13.560710536290934,1
57.61563775797747,0
0.0,1
9.877064940242622,1
0.0,1
8.906924694544546,1
63.722494978191236,0
0.0,1
13.962670290400176,1
68.0,0
6.651244489516386,1
23.096661198779582,1
0.0,1
13.014963800191882,1
58.67576873463043,0
8.868833336379193,1
54.85761840770733,0
1.7469837659090328,1
1.7612213483135806,1
18.122363359450397,1
0.0,1
57.22541197891108,0
5.080049823401802,1
0.0,1
68.0,0
0.0,1
39.704214577212,0
0.0,1
66.95445876825804,0
12.292927295361801,1
9.32210545696409,1
2.1053284988583263,1
0.0,1
14.948760811598383,1
0.0,1
68.0,0
62.77970591886754,0
0.0,1
44.897798248303594,0
38.91352099577475,0
56.89187701389178,0
3.5559416446667207,1
68.0,0
8.944855305166339,1
0.0,1
68.0,0
11.565805770274604,1
8.083947369351895,1
57.20981554523072,0
5.975785432206458,1
48.72748854363587,0
8.464354506582124,1
18.699418531532174,1
46.39530932537495,0
68.0,0
0.0,1
49.31632455250838,0
10.797318071114937,1
68.0,0
8.706133708720998,1
4.357980238152939,1
10.36736529965031,1
66.63727922874352,0
0.0,1
15.27111616592314,1
12.826894380165587,1
0.0,1
0.0,1
48.56503896624544,0
54.31849883216609,0
68.0,0
61.50075307998247,0
68.0,0
4.9744269292357055,1
8.607832881081908,1
57.22763463741194,0
4.166787429171026,1
13.09399689034852,1
8.432617469668475,1
68.0,0
50.92093302404221,0
44.4468777042073,0
17.411041730982934,1
68.0,0
7.394138236596387,1
68.0,0
0.0,1
68.0,0
18.49321693568153,1
56.76774971537322,0
68.0,0
7.576133585544497,1
5.502634723507544,1
64.42858077001088,0
68.0,0
9.57320116844265,1
54.487659175030664,0
64.89098891237981,0
68.0,0
53.05965807528037,0
5.390702262526707,1
0.0,1
0.0,1
66.81661659331247,0
68.0,0
8.350270567957708,1
0.0,1
0.0,1
0.0,1
3.0315253721094146,1
68.0,0
68.0,0
4.448848273245086,1
5.5249364675931485,1
0.0,1
20.668263128493876,1
68.0,0
68.0,0
64.23777064990234,0
10.256417954272585,1
6.0247805546237485,1
7.48861209810673,1
13.388005194295875,1
13.53441011885797,1
8.553737502445463,1
58.98399799770955,0
0.0,1
54.08395246642857,0
66.3647648791148,0
15.671532509845957,1
3.470583401065161,1
7.940509674875613,1
7.668360201456841,1
1.7946424329819752,1
12.518746762293361,1
0.0,1
0.0,1
0.0,1
2.4680458732266235,1
68.0,0
11.190661832023725,1
24.58344645722591,1
1.7479044362173655,1
0.0,1
3.249212795628325,1
52.35129853655472,0
9.962142590618848,1
0.00613460861096371,1
5.41855583899306,1
0.0,1
0.0,1
7.547475838489763,1
0.0,1
68.0,0
66.49196793381644,0
0.0,1
67.43708537503063,0
68.0,0
0.0,1
11.213466012557966,1
7.994836254441411,1
6.953002897815784,1
0.0,1
68.0,0
56.75208024500682,0
0.0,1
17.87442761234341,1
50.79481473776127,0
68.0,0
0.0,1
12.100029506859372,1
0.0,1
68.0,0
3.7124032796628965,1
57.62480553218174,0
0.0,1
7.814724202529657,1
8.257010207038537,1
68.0,0
68.0,0
66.62848116321125,0
0.0,1
0.41040295694519635,1
12.974241942419624,1
12.337677263516667,1
53.66192981863659,0
68.0,0
7.675166814043186,1
2.5532567289997057,1
0.0,1
68.0,0
16.71023378266011,1
21.934217517897142,1
0.0,1
14.304407332638359,1
15.694854791635493,1
63.79458512363325,0
0.0,1
68.0,0
14.12597924739078,1
68.0,0
39.08823192544567,0
43.499374514094995,0
68.0,0
1.4083515418369297,1
0.0,1
68.0,0
54.828760022288726,0
68.0,0
10.902322824583283,1
0.0,1
9.690817328170372,1
66.5696284434468,0
4.535298989394343,1
60.36695584388899,0
0.0,1
6.263508643860195,1
9.182946317540512,1
0.0,1
0.0,1
3.0643307481643496,1
48.32267602904609,0
3.9970949791681867,1
55.20077671689703,0
5.603461858461342,1
13.175343022521066,1
52.94621059068419,0
68.0,0
68.0,0
20.47363651454573,1
63.018335398401796,0
9.753791294625847,1
7.153038005274011,1
68.0,0
68.0,0
0.0,1
3.614946900132754,1
62.970219289135656,0
68.0,0
68.0,0
5.504322651605309,1
53.5712463004381,0
68.0,0
0.0,1
68.0,0
68.0,0
66.89616762742857,0
1.3731417247196975,1
68.0,0
68.0,0
0.0,1
4.686530482027254,1
0.2030173778520581,1
0.0,1
7.167287760094828,1
68.0,0
51.74865449227436,0
58.875371290046864,0
0.0,1
0.16885316579827414,1
1.8968661702836052,1
4.794189524471503,1
0.4594766779233588,1
1.742768152847511,1
61.13076891916134,0
64.56897612974724,0
68.0,0
0.0,1
8.556978541267329,1
1.059809214711657,1
8.811334467210841,1
6.82133918314244,1
4.858863428645123,1
68.0,0
0.0,1
7.0144703388096605,1
59.67001276372986,0
56.42560848343169,0
1.6208606854497987,1
39.99411128592098,0
16.15316279027003,1
68.0,0
0.0,1
1.108448028218425,1
47.48250076588916,0
68.0,0
0.46238279387507575,1
14.933413972941661,1
64.53338440353218,0
2.0191973099856826,1
2.7985401158715493,1
68.0,0
56.68913495475861,0
0.0,1
68.0,0
5.395980299500598,1
67.22172142249971,0
47.826337997754976,0
8.48359351453728,1
51.13764701664667,0
56.29202419528369,0
55.812735454465056,0
10.433939526043112,1
0.0,1
57.41894912861914,0
64.93941658701016,0
0.0,1
0.0,1
5.283670617034698,1
3.7532316115508406,1
0.0,1
13.24155134910653,1
68.0,0
11.363358106866993,1
57.44965421588774,0
7.861458189633465,1
5.4873783490207595,1
9.822244110911537,1
6.544466162032815,1
68.0,0
7.448390929664878,1
67.22312885076286,0
4.1158086477190405,1
6.9879108496222955,1
18.359661601636734,1
66.06488295230498,0
21.095663193692626,1
13.476570265714631,1
2.6773939169673806,1
12.82663601641072,1
0.0,1
51.53671306757916,0
8.312196877476946,1
0.0,1
5.084652739771007,1
61.553308400465426,0
26.483615445539684,1
57.97452761802762,0
8.003706551610781,1
38.92725576379462,0
13.004775007952421,1
0.0,1
5.111090250670337,1
8.312118197102718,1
18.760620196662764,1
3.4869110763535485,1
68.0,0
9.363735621176815,1
55.65407105568936,0
13.827869006988283,1
3.3603756469064328,1
51.917349568379464,0
7.823611808003662,1
68.0,0
51.768635878491175,0
57.716535663299474,0
0.0,1
64.15532851527695,0
1.2801957535509731,1
8.485686085224916,1
10.455604003010592,1
62.85137415913497,0
1.5854963526631374,1
67.0774192232347,0
8.598291595212809,1
6.2652966778459,1
63.00075741280714,0
0.0,1
0.0,1
58.45362060912547,0
1.4257562145901224,1
2.9254806942118474,1
0.0,1
48.368317659828165,0
0.0,1
59.33785890116125,0
57.95690188895913,0
0.3040441687770725,1
0.0,1
2.1210910518718147,1
0.0,1
10.515026116988032,1
20.413920034498656,1
0.42447748719883194,1
0.9844542544035626,1
2.699326029537883,1
0.0,1
0.0,1
68.0,0
2.7496185802885873,1
0.0,1
0.0,1
68.0,0
0.0,1
61.20867288258151,0
68.0,0
6.532526276691676,1
0.0,1
65.03722916948536,0
65.84882395942127,0
8.92250742142468,1
68.0,0
27.429212319070835,1
0.0,1
11.9446378391494,1
2.2759705366611502,1
0.0,1
9.881633856922317,1
65.71648903760033,0
1.218533254646617,1
16.30763375502656,1
9.28321525925131,1
8.045722204986568,1
9.667165122703068,1
18.42405535896975,1
57.78562321875539,0
0.0,1
5.972999913007409,1
67.09894530620528,0
6.577559622853558,1
1.539026512360247,1
0.0,1
4.805599115451358,1
68.0,0
0.9145173540184879,1
3.0836266794492353,1
65.80234265649283,0
56.64204869322489,0
5.6481926603264725,1
4.8646175144967705,1
0.0,1
5.635221621148291,1
0.0,1
0.0,1
0.0,1
65.05018088759473,0
0.0,1
60.492308854223246,0
0.0,1
66.31873143278648,0
64.32837248605792,0
19.357549319397997,1
6.107592555793859,1
0.0,1
16.038396380773047,1
47.18842582765119,0
0.0,1
61.881555842980475,0
0.0,1
7.4377640392873,1
15.839051200862535,1
28.3209050564675,1
54.68489022018819,0
0.0,1
55.803194777249814,0
10.909043565593706,1
0.0,1
17.37656722131529,1
0.8415031181073345,1
66.6936281792656,0
0.0,1
1.9858233409212338,1
16.697605895889538,1
1.849897104529497,1
0.0,1
68.0,0
65.4027499659097,0
14.217254815413387,1
1.6026256062125488,1
11.777363289777371,1
2.7743892538828274,1
0.0,1
7.00684091820988,1
52.70606215243177,0
0.0,1
0.0,1
68.0,0
59.32259872714073,0
9.7751290849167,1
19.564191688389,1
68.0,0
0.0,1
3.991577315269054,1
0.0,1
62.58622612584072,0
50.47907873160329,0
17.501965242260535,1
3.5593463940933168,1
68.0,0
2.613450900277799,1
64.94685460326873,0
43.5971512278649,0
58.348044864211026,0
68.0,0
0.0,1
10.589847093284078,1
56.96983976174516,0
8.914618436573868,1
13.314706578358397,1
0.0,1
15.375972583478514,1
8.365114529366506,1
12.141914532253317,1
67.78569118445695,0
48.75283914397135,0
0.03970771160127384,1
11.270264836479255,1
45.283487880533244,0
7.074490891257172,1
0.0,1
11.792744136002199,1
49.70839233351781,0
60.818227735128886,0
0.0,1
68.0,0
31.71516070928717,0
16.064000070336252,1
68.0,0
61.29670173383016,0
64.62263500641441,0
66.60671591193902,0
0.0,1
55.33023400517639,0
42.62754914315157,0
14.94699270440994,1
68.0,0
17.272251062706914,1
33.207369135567696,0
14.416606131193046,1
11.815556403969838,1
6.8941467965294,1
9.57261785009476,1
20.253607708663793,1
0.0,1
0.0,1
12.590129795091094,1
17.619989542423287,1
0.0,1
13.503241911959694,1
8.341764866326313,1
0.0,1
0.0,1
1.6141486846711364,1
10.885445426789516,1
53.05899702579114,0
11.802603007728234,1
19.3324630926919,1
13.868383479729932,1
0.0,1
0.0,1
0.0,1
68.0,0
6.913570829170555,1
6.313320686215703,1
40.40723693029189,0
0.0,1
16.875899541158052,1
68.0,0
12.128321052990708,1
64.7650908148073,0
63.30707449240386,0
0.0,1
5.526992245883787,1
21.39933891095219,1
53.53087427047899,0
68.0,0
9.6528758966793,1
68.0,0
0.0,1
14.01772430388531,1
12.122221734891907,1
4.032183252338799,1
2.208202580578192,1
54.82125075847464,0
7.575567516385867,1
2.3221191867425044,1
0.0,1
6.353734534012861,1
0.0,1
6.862083593312199,1
0.0,1
11.513976678789856,1
5.170826213799857,1
58.664223179573455,0
3.2654170269627,1
64.67124312928568,0
61.008530935950525,0
58.13095091277405,0
60.02013395813631,0
6.778839866317604,1
0.0,1
0.0,1
68.0,0
9.286376744436721,1
68.0,0
68.0,0
41.81946195175996,0
61.91860662922678,0
68.0,0
48.204484843210935,0
68.0,0
4.524376969429553,1
0.0,1
68.0,0
8.229287198281371,1
68.0,0
0.0,1
65.8559072193003,0
11.633338076598518,1
68.0,0
53.96383475977286,0
68.0,0
7.19598037227626,1
68.0,0
0.0,1
68.0,0
11.223802176117282,1
8.11521699068592,1
62.05390937888002,0
8.240801770597768,1
8.230865411287207,1
0.0,1
0.0,1
0.0,1
28.28643331039825,0
3.2017521011080157,1
10.051934320646755,1
6.639585185580277,1
68.0,0
0.0,1
4.477680241453424,1
0.7022125555566294,1
61.45645506753643,0
7.991105404477015,1
5.940295268958025,1
68.0,0
15.153189648102892,1
6.08717827994116,1
8.538414400399763,1
58.258239450718406,0
0.0,1
38.48996111813895,0
55.49454163592083,0
61.0382825039814,0
8.277300564605536,1
65.60761508111548,0
1.2290117613272846,1
53.942336299951194,0
54.06999767975827,0
0.0,1
7.6818753018409796,1
0.0,1
30.0,1
57.06209095465161,0
15.309479119030904,1
5.834658810028131,1
62.76596129838582,0
6.04441553643967,1
47.11689983733207,0
4.9204431967794156,1
7.8865581139996355,1
5.275786425428841,1
68.0,0
16.24460724847764,1
17.61568790176722,1
3.276064832019472,1
11.283129913134701,1
60.206437199049624,0
0.0,1
63.70951609217748,0
3.2416799129877454,1
10.6661267866182,1
53.55636352575296,0
50.19163500224554,0
68.0,0
14.829281150181664,1
68.0,0
68.0,0
68.0,0
0.0,1
68.0,0
21.13862589597857,1
1.3872058799409177,1
45.8614965472008,0
0.0,1
17.016880196537073,1
68.0,0
7.273940072994231,1
1.9142451939046254,1
0.0,1
3.3579938836570165,1
68.0,0
4.642064886177963,1
68.0,0
4.426799588529814,1
3.7379585757197855,1
7.690540740526412,1
11.304040643393154,1
13.609407704267603,1
0.0,1
12.749549044319242,1
68.0,0
68.0,0
68.0,0
5.440773116351108,1
12.61562537208391,1
46.46624691328816,0
68.0,0
0.0,1
47.086741918135345,0
59.59413326165219,0
68.0,0
3.2345889078361507,1
8.624725855954916,1
6.221401647837347,1
9.729895341218741,1
6.402950198736985,1
8.922832300540591,1
5.223620010178854,1
57.828050225025,0
8.445741879405153,1
65.6164228434093,0
0.0,1
23.425887912466926,1
2.1112633245940735,1
2.0626801840007185,1
6.314625893204883,1
68.0,0
68.0,0
0.0,1
20.893214962352516,1
3.6646609313330547,1
8.029137845373262,1
3.901199607808187,1
11.693084217337333,1
6.399204869030639,1
0.0,1
61.11195310950091,0
52.07831496449797,0
6.391225937568167,1
58.61918815365738,0
54.786754996734146,0
0.0,1
4.971269204026886,1
13.24567870416552,1
0.0,1
68.0,0
1.0354594562042676,1
4.545316750458603,1
59.49881601175516,0
50.481446322325255,0
56.29639962139918,0
0.0,1
0.0,1
68.0,0
44.20232319724832,0
0.0,1
68.0,0
6.182968310127166,1
16.431957030213898,1
3.4932296964035663,1
0.0,1
2.118457995599877,1
8.55877096912217,1
68.0,0
2.505966618334158,1
9.896889496819616,1
4.527514076715422,1
38.38407534224185,0
58.195497496458486,0
11.92706765847455,1
0.0,1
57.0463946697862,0
14.218826265315464,1
12.443970826935153,1
68.0,0
1.3952471031767737,1
10.03701338287344,1
0.0,1
8.017810930865888,1
0.0,1
61.90243302991642,0
8.785497573224623,1
21.925230737533386,1
7.892223229997929,1
68.0,0
68.0,0
68.0,0
8.731420448305723,1
57.046540817912955,0
2.3678188356276535,1
0.0,1
16.949639900193308,1
68.0,0
64.3931801900102,0
43.50955748391789,0
68.0,0
68.0,0
9.324274559269547,1
60.620632877390285,0
68.0,0
0.0,1
0.0,1
68.0,0
68.0,0
1.10049736104621,1
60.789358955319614,0
6.257550871397857,1
47.49563400983176,0
0.0,1
14.86085243585132,1
68.0,0
13.320716656846201,1
7.8123971558926595,1
0.0,1
68.0,0
6.272570611904703,1
39.47767803211396,0
7.556388696815076,1
7.682135182888054,1
12.633464577549573,1
39.55414545894893,0
65.49209368900327,0
68.0,0
0.0,1
1.8616107534259778,1
5.813091106835775,1
0.2890546799203815,1
18.269918216698898,1
68.0,0
60.5102125583361,0
36.93480613791098,0
68.0,0
59.70080185054823,0
0.0,1
60.54262398917886,0
56.13203214288935,0
0.0,1
0.0,1
4.582525674157707,1
6.647524960735721,1
6.4590961306669765,1
13.459665834341624,1
68.0,0
68.0,0
58.98968346801137,0
0.0,1
2.2290565733863374,1
7.459746110117145,1
18.153442149133035,1
0.0,1
8.945831783054171,1
60.865780237120106,0
63.24393880326511,0
47.73049299365947,0
13.572125930867571,1
68.0,0
65.4037616119157,0
0.0,1
64.70333697092815,0
4.273656947710318,1
12.183268424839522,1
0.0,1
0.0,1
16.369645513919412,1
68.0,0
64.99948274364549,0
54.61696733973411,0
67.55366463967,0
8.110586740760198,1
47.053283336042234,0
19.41075105192269,1
16.218215460527496,1
64.5968514484155,0
20.003559043940342,1
2.910714143512708,1
7.512980697847738,1
9.849323428123359,1
4.574377778584783,1
67.65952761157514,0
2.3232269041831137,1
0.0,1
3.059886446810556,1
64.90696274872386,0
4.2577125600682555,1
6.697856564709692,1
14.78069987076907,1
68.0,0
18.42232555929253,1
0.0,1
5.25045971019876,1
68.0,0
8.654362336419258,1
14.644359599485753,1
13.586653848326062,1
52.75190774822479,0
13.369725487494978,1
68.0,0
68.0,0
13.01338096671019,1
55.66693571979623,0
0.0,1
6.960595165714688,1
10.806435242794379,1
68.0,0
50.31609330663582,0
1.7233896813437166,1
68.0,0
0.0,1
68.0,0
0.17316969100941382,1
0.0,1
5.435340251854672,1
13.34214224528258,1
8.500047618411767,1
0.0,1
11.743520356775248,1
68.0,0
66.48945984580058,0
8.743446360540942,1
56.473057472332925,0
0.0,1
66.06374184212729,0
16.71145731298667,1
2.0832712578967536,1
61.068154922724815,0
68.0,0
0.7563928563218694,1
58.38222191390166,0
9.162450830339932,1
0.0,1
0.0,1
4.5129375979488655,1
42.95713183927312,0
62.234233294465575,0
0.0,1
7.8310659760243695,1
57.87579665420114,0
9.746136934875214,1
68.0,0
5.430185440261899,1
47.09644157261987,0
4.1649636220468516,1
6.284714490722875,1
0.0,1
11.08185828275446,1
66.78990857805897,0
0.0,1
5.452702471483498,1
6.800416222849702,1
23.824333920541527,1
34.14389634980094,0
0.0,1
68.0,0
0.0,1
10.427811347044946,1
0.12311879540781945,1
0.0,1
1.2216356976821374,1
54.555073073873146,0
12.306200259593325,1
6.647165761429906,1
57.50697996416392,0
45.17698428287829,0
0.0,1
17.210287894585473,1
26.034421864552634,1
68.0,0
65.55649545310068,0
61.81472403671408,0
65.63436546523145,0
10.480326591958246,1
13.656394138860115,1
0.0,1
8.988495125926276,1
0.0,1
68.0,0
0.0,1
9.472034929028904,1
0.0,1
68.0,0
0.0,1
8.774809101814693,1
58.42495105572882,0
0.6756068814789868,1
68.0,0
48.14594970106077,0
47.65808386301427,0
68.0,0
9.316540092644038,1
0.0,1
17.544115449861145,1
0.029387326185156937,1
0.0,1
4.2900336606056495,1
7.607170242814895,1
3.0496544093264064,1
6.449509178157282,1
57.312083722412844,0
7.716029460042412,1
68.0,0
51.338147686351945,0
30.0,1
0.0,1
62.376488469373484,0
3.495829274719579,1
14.795560476308037,1
68.0,0
47.25070413964878,0
66.65409371493683,0
8.752947164150166,1
22.942754523057385,1
0.0,1
0.2937697483166142,1
0.0,1
7.244899421122311,1
0.0,1
10.48143219074698,1
4.118534304444703,1
2.876111326349207,1
0.0,1
12.716259373647599,1
63.970437113694366,0
3.5031384761469733,1
68.0,0
1.4900826014156272,1
65.27371336466396,0
12.099626971223252,1
10.48193270885921,1
29.279123821347962,1
14.578561602319393,1
0.0,1
62.37717517980674,0
6.239397082544503,1
1.5554181635986364,1
68.0,0
6.39578113294539,1
5.217279155219348,1
68.0,0
13.399398436615819,1
68.0,0
12.818087507426842,1
0.0,1
0.0,1
68.0,0
1.2607134357120033,1
67.07994584479644,0
0.0,1
20.36168953731701,1
1.1098945644343279,1
18.132863105968916,1
68.0,0
14.612378190494336,1
46.73507992509187,0
55.29174990694195,0
62.12773580407101,0
19.24174262391246,1
50.7888047551815,0
58.97979243782874,0
68.0,0
68.0,0
0.37919383417837604,1
61.237044218856525,0
58.90667473265199,0
5.444331643697028,1
15.435355281801094,1
68.0,0
8.872933630539478,1
51.90673486674179,0
22.993997914274697,1
7.785950427648222,1
63.769574055654985,0
41.3731595314876,0
15.12571256625175,1
4.646588197143641,1
59.869204466451485,0
0.8388993761957964,1
47.52881366317497,0
68.0,0
64.37272321972054,0
25.394763722992273,1
0.0,1
5.60089708933635,1
43.67977726886446,0
54.61467868019222,0
58.7434483649574,0
13.194418278077247,1
7.16753403516519,1
0.0,1
10.421163458079672,1
58.488079240098635,0
10.481417197706055,1
38.882487631538794,0
57.78161989195148,0
68.0,0
68.0,0
67.95267976896402,0
61.29649815343063,0
0.0,1
0.0,1
3.6569429545614796,1
19.52073311848104,1
9.803772590631624,1
0.0,1
0.0,1
0.0,1
58.891372004022685,0
51.820409894838996,0
50.19975803690636,0
4.0576270851058815,1
10.405268450243916,1
5.4723635625911955,1
0.0,1
4.957011774809167,1
68.0,0
5.1772225274768475,1
68.0,0
68.0,0
68.0,0
0.0,1
0.7725392734347416,1
0.0,1
54.67931019270881,0
68.0,0
68.0,0
2.9156430292834106,1
0.0,1
55.75495944731148,0
13.746039486524928,1
68.0,0
12.379015144210204,1
0.0,1
46.687434103442385,0
49.045615169739875,0
49.061538740359325,0
14.68915503568389,1
25.17855731676691,1
0.0,1
54.735586458872795,0
16.995418473754604,1
68.0,0
0.0,1
9.279530833630336,1
59.43151125155017,0
4.13908205576656,1
2.821687232127952,1
0.0,1
0.0,1
0.0,1
60.05218467557224,0
0.0,1
68.0,0
61.089670595957415,0
12.331326440327793,1
67.83409866890365,0
0.9367778550933954,1
0.9901381621531771,1
1.3212620661360432,1
0.0,1
57.860925612253304,0
0.0,1
0.0,1
32.53137792721576,0
59.84123279788778,0
0.0,1
18.020681715506893,1
0.0,1
0.02137900758502731,1
57.17790815292563,0
20.974845849676427,1
0.0,1
14.573574542191295,1
4.809884897970239,1
5.6671810884261395,1
68.0,0
6.093643802208909,1
58.66321459436894,0
68.0,0
61.1350004567446,0
61.90721350810694,0
0.0,1
54.6050139311157,0
68.0,0
57.25375510155758,0
24.699075188033284,1
0.0,1
10.824027872766505,1
68.0,0
11.525297131394971,1
0.0,1
1.4535731188861911,1
9.577084814232201,1
68.0,0
12.358772316213468,1
8.673731478619093,1
51.61701653940845,0
13.481573945047806,1
51.64089410785315,0
0.8347958324583962,1
0.0,1
68.0,0
66.6562510335214,0
8.280030290460303,1
4.950893372424193,1
6.708851292109341,1
3.404486095295587,1
68.0,0
3.846921846399943,1
4.212886134763852,1
68.0,0
10.367236578486082,1
68.0,0
0.0,1
0.0,1
4.974755519109926,1
11.848620673234375,1
1.8028513167208202,1
9.504704252236188,1
0.0,1
0.0,1
0.0,1
0.0,1
68.0,0
3.8856276174278617,1
57.05985381600597,0
63.18132538793215,0
0.0,1
0.446038637941891,1
1.7507653653149426,1
48.141023226411164,0
14.597055467390888,1
53.84169653957901,0
68.0,0
68.0,0
0.0,1
17.454596931831947,1
0.0,1
55.9156783748262,0
5.989522716866929,1
0.0,1
0.0,1
52.11394728918122,0
8.160512986813803,1
68.0,0
0.0,1
14.877640120410305,1
6.909031556918604,1
66.97497060032235,0
0.9288572628835556,1
0.0,1
4.583472792936798,1
19.595654500251293,1
64.26340686236652,0
14.879561231235812,1
4.82767915409672,1
2.0875283605140296,1
0.0,1
68.0,0
54.25176186165193,0
0.0,1
0.0,1
14.53656562283096,1
58.50392484570098,0
62.64024219076437,0
0.0,1
10.641041708557328,1
0.0,1
8.800552735942805,1
64.7825593626828,0
68.0,0
7.781781437524736,1
10.387147985632172,1
0.0,1
0.0,1
0.0,1
0.8949888369337962,1
4.034227757020424,1
7.32242387915141,1
8.494947985472818,1
51.97699702543926,0
0.0,1
62.41331430905197,0
7.457267631416797,1
6.0725636076436285,1
68.0,0
3.452451311739792,1
68.0,0
0.0,1
0.0,1
0.0,1
24.008284983143504,0
2.0548422767263648,1
5.874734526969959,1
68.0,0
0.0,1
14.096914794309928,1
6.236733635049799,1
0.0,1
60.03626972880241,0
11.766818305832945,1
0.0,1
14.64064744270026,1
6.9711575500194325,1
6.630559095859109,1
15.162394756768283,1
68.0,0
5.56132818935714,1
11.35952359592481,1
7.739319669318886,1
10.716130454810214,1
48.86181118511179,0
0.9785006846804136,1
10.745785452153577,1
53.228446346066434,0
0.0,1
1.5208276905246763,1
1.4084346259425171,1
0.0,1
62.409930892143116,0
6.548212351549051,1
0.0,1
9.28757133849933,1
17.010727488291973,1
68.0,0
46.34336905583075,0
12.027541737173284,1
42.14386891358694,0
8.58981586187193,1
7.269080181372285,1
20.54701351758294,1
0.0,1
5.082416295987899,1
66.10619131372455,0
1.0645758866042603,1
1.6257824397099117,1
68.0,0
63.76614271783768,0
44.42909703094985,0
68.0,0
6.014333242345865,1
68.0,0
14.81073465026699,1
67.10426268345286,0
0.0,1
68.0,0
2.3139257807589413,1
20.699217792277935,1
11.44854889385202,1
20.379031866140767,1
9.606559563220824,1
47.79368656174702,0
3.8318380786731545,1
0.0,1
4.606872362831247,1
0.0,1
15.582298519389187,1
68.0,0
5.506379840980273,1
7.421144972535613,1
68.0,0
62.48552266547731,0
0.0,1
68.0,0
7.008216971162018,1
3.52687579963706,1
0.0,1
0.0,1
4.954316207872907,1
1.7143340556150326,1
15.716980308304905,1
68.0,0
3.928036579243217,1
0.0,1
14.812476303307893,1
12.337064223602011,1
68.0,0
13.826735467065362,1
0.0,1
0.0,1
0.0,1
3.462850895661136,1
57.46153283794132,0
68.0,0
68.0,0
0.0,1
60.352692218241145,0
61.3364118254124,0
62.1276907490485,0
1.2128419373480348,1
68.0,0
8.62567155389104,1
68.0,0
5.810279415632782,1
68.0,0
0.0,1
10.368970758593203,1
64.5494463513772,0
51.21830381474395,0
60.19876999835752,0
18.546422823107264,1
0.0,1
6.576324798317875,1
21.70432932841846,1
0.4362177823570459,1
4.590290640025645,1
0.0,1
0.0,1
57.05127103098868,0
9.011638606694989,1
0.46796421736357097,1
11.065044208897447,1
8.509448729247818,1
68.0,0
68.0,0
3.697126367905792,1
7.403116742251436,1
21.67146285163593,1
0.0,1
0.8204921499834801,1
0.0,1
0.0,1
5.697149469030355,1
1.8360053131093168,1
10.858245943277524,1
44.72579251507261,0
2.342651486344346,1
59.60438228213229,0
68.0,0
0.0,1
12.986149364813276,1
9.49964806857784,1
0.0,1
14.259440815198786,1
9.355203700006435,1
12.613571287064097,1
6.761824285711426,1
46.05241464316173,0
68.0,0
60.157308201118774,0
21.905585806204332,1
9.67924161985163,1
68.0,0
6.9210214124141824,1
6.6424147511654645,1
1.581736930300842,1
0.0,1
18.047779153095497,1
66.98320255014366,0
68.0,0
47.82910823294404,0
16.91086229416985,1
62.00585437907379,0
68.0,0
19.826967756529452,1
7.498675585423062,1
2.4380812338389735,1
68.0,0
0.0,1
12.447244821359337,1
0.0,1
68.0,0
11.312970372898981,1
0.0,1
1.7659095549665529,1
18.617117085409777,1
0.0,1
58.81224677983929,0
10.358577620153442,1
0.0,1
10.392826938843482,1
46.85776208464265,0
18.37433832732402,1
0.0,1
0.0,1
68.0,0
0.0,1
68.0,0
3.3207882095482555,1
9.554829739420082,1
1.0833630460112902,1
7.437064332981755,1
10.263762507455537,1
0.0,1
2.183757727533731,1
68.0,0
8.90545891532592,1
68.0,0
9.014044367203102,1
68.0,0
19.636312067811502,1
2.9428303894313785,1
46.969301412131415,0
5.138870184619071,1
21.249961682904807,1
16.537207611015702,1
14.959360094103385,1
56.27687432865017,0
52.62747730749237,0
11.839299156584655,1
68.0,0
8.001811769416895,1
66.43068747430314,0
2.332950073445225,1
65.15936701483047,0
54.17710126159612,0
10.7922657763455,1
63.00885724341435,0
10.377772064693684,1
66.77532732082258,0
44.898384456619084,0
63.99635608869788,0
60.21481556350288,0
8.528875479557302,1
0.48651429012584124,1
0.0,1
56.12241675518084,0
65.95728972913483,0
0.0,1
0.0,1
54.368376879946936,0
0.0,1
45.77905137434155,0
0.0,1
60.71435636821416,0
0.0,1
68.0,0
68.0,0
0.0,1
2.819720943859614,1
0.0,1
55.46613823726979,0
11.18256082456643,1
68.0,0
4.746525215118444,1
20.357767297139514,1
57.08611995116162,0
18.18122657253069,1
0.0,1
10.483465979557781,1
16.0703923640007,1
0.0,1
4.700870627662352,1
68.0,0
44.72921347335834,0
0.0,1
1.875280299725056,1
0.0,1
20.27903879018956,1
68.0,0
0.0,1
52.133945133068714,0
0.0,1
3.1477694216303522,1
6.50398056029717,1
4.370283505264751,1
1.4438840074725472,1
62.77726812581046,0
3.673551335124947,1
13.924044674917386,1
68.0,0
1.7698791835664598,1
60.600595652060726,0
0.945654388372088,1
1.6428211439545182,1
16.466534716019506,1
30.75860562752451,0
10.052452067613142,1
6.6227768175670025,1
0.7914347413525524,1
3.2639020490677275,1
52.99154524583661,0
3.7853920231819957,1
2.377061392160885,1
68.0,0
9.649063782418882,1
21.093901115935417,1
0.0,1
45.41589441389528,0
6.990438538294164,1
40.769694936275414,0
0.0,1
16.825635046084543,1
4.723737366663362,1
1.1245581463387748,1
7.488133617313299,1
60.21172536490446,0
68.0,0
2.8650461048700326,1
0.0,1
54.8332516388188,0
13.425970465327932,1
61.40037387396696,0
0.17563059792240576,1
49.34631413189828,0
51.92861110652782,0
4.754112645601818,1
68.0,0
68.0,0
3.370295085196746,1
6.608439701513708,1
0.5752091707724096,1
3.801670431257075,1
0.0,1
68.0,0
22.55345975601414,1
14.538970985384822,1
44.97177345477996,0
3.7991315166055264,1
15.426148611276716,1
9.787618771816742,1
10.502300291312448,1
0.09646546224541286,1
18.96110358011392,1
64.04814001669826,0
68.0,0
68.0,0
8.624138670459942,1
21.712704337793788,1
4.025438541575578,1
0.0,1
63.199114406653585,0
68.0,0
65.21468404598981,0
66.71624545855612,0
4.299767430785855,1
0.0,1
