timestamp,row,rpm,payload,esp32_response
2026-05-27T21:38:12.613831,1,700.0,"700.0,2.493591821,11.79092738,3.178980794,84.14416293,81.6321865",[DATA] H:29 A:0 D:2.4373 Latency:21 us
2026-05-27T21:38:13.167605,2,876.0,"876.0,2.941605932,16.19386556,2.464503704,77.64093415,82.4457245",[DATA] H:0 A:1 D:3.8719 Latency:7 us
2026-05-27T21:38:13.721145,3,520.0,"520.0,2.961745579,6.553146911,1.064346764,77.75226574,79.64577667",[DATA] H:45 A:0 D:1.8729 Latency:6 us
2026-05-27T21:38:14.274849,4,473.0,"473.0,3.707834743,19.51017166,3.727455362,74.12990715,71.77462869",[DATA] H:0 A:1 D:5.4581 Latency:6 us
2026-05-27T21:38:14.828334,5,619.0,"619.0,5.672918584,15.73887141,2.052251454,78.39698883,87.00022538",[DATA] H:0 A:1 D:4.2116 Latency:7 us
2026-05-27T21:38:15.382392,6,1221.0,"1221.0,3.989225938,6.679230535,2.214250345,76.40115203,75.66981801",[DATA] H:63 A:0 D:1.2471 Latency:7 us
2026-05-27T21:38:15.935385,7,716.0,"716.0,3.568895727,5.312266428,2.46106708,83.64658857,79.79241081",[DATA] H:73 A:0 D:0.9085 Latency:6 us
2026-05-27T21:38:16.488571,8,729.0,"729.0,3.845165584,10.19112589,2.362998355,77.9212023,71.67176056",[DATA] H:44 A:0 D:1.9088 Latency:6 us
2026-05-27T21:38:17.041618,9,845.0,"845.0,4.877239363,3.638269304,3.525604418,76.30162614,70.49602446",[DATA] H:38 A:0 D:2.1091 Latency:6 us
2026-05-27T21:38:17.594996,10,824.0,"824.0,3.741228333,7.626214049,1.301032069,77.06652006,85.14329731",[DATA] H:51 A:0 D:1.6784 Latency:7 us
2026-05-27T21:38:18.148305,11,1230.0,"1230.0,3.429446187,10.83912838,1.830218693,77.40544243,85.91987186",[DATA] H:25 A:0 D:2.5875 Latency:7 us
2026-05-27T21:38:18.702251,12,538.0,"538.0,4.259996635,7.694207979,2.083630083,80.18345308,81.18079834",[DATA] H:45 A:0 D:1.8644 Latency:7 us
2026-05-27T21:38:19.255842,13,1187.0,"1187.0,2.592501844,6.890093327,1.833391079,78.10229386,84.96686866",[DATA] H:50 A:0 D:1.7173 Latency:7 us
2026-05-27T21:38:19.808617,14,609.0,"609.0,3.749857195,10.09296246,2.997150736,77.28064321,75.57779077",[DATA] H:43 A:0 D:1.9446 Latency:6 us
2026-05-27T21:38:20.361383,15,606.0,"606.0,2.272331239,5.489462544,1.913766899,75.17064423,77.72570657",[DATA] H:64 A:0 D:1.2112 Latency:6 us
2026-05-27T21:38:20.915261,16,382.0,"382.0,2.162553685,7.77492339,2.727348376,77.00087426,71.62384988",[DATA] H:32 A:0 D:2.3226 Latency:7 us
2026-05-27T21:38:21.468343,17,560.0,"560.0,2.827450817,11.73054823,1.832205746,77.18277677,70.76525408",[DATA] H:16 A:0 D:2.8739 Latency:7 us
2026-05-27T21:38:22.022093,18,767.0,"767.0,4.596903025,7.496561998,1.432776233,84.92414335,80.26551481",[DATA] H:48 A:0 D:1.7940 Latency:6 us
2026-05-27T21:38:22.575176,19,838.0,"838.0,3.377151875,4.159451141,2.141784028,77.25819595,88.78397112",[DATA] H:43 A:0 D:1.9667 Latency:7 us
2026-05-27T21:38:23.129905,20,495.0,"495.0,3.378216302,7.376275793,3.090756713,77.26403305,73.80702538",[DATA] H:41 A:0 D:2.0205 Latency:6 us
2026-05-27T21:38:23.683319,21,1341.0,"1341.0,4.62633279,6.188480205,1.503297167,76.92653268,78.88448943",[DATA] H:47 A:0 D:1.8205 Latency:6 us
2026-05-27T21:38:24.237028,22,1249.0,"1249.0,2.461325383,6.245944552,4.145416104,76.83845869,72.57039096",[DATA] H:29 A:0 D:2.4172 Latency:6 us
2026-05-27T21:38:24.790153,23,699.0,"699.0,4.369701173,7.332602592,1.312393529,76.91254155,87.11526083",[DATA] H:42 A:0 D:1.9816 Latency:6 us
2026-05-27T21:38:25.343221,24,436.0,"436.0,4.254678789,7.43832958,2.342593832,77.81353697,82.39599504",[DATA] H:43 A:0 D:1.9471 Latency:6 us
2026-05-27T21:38:25.897228,25,885.0,"885.0,1.887027852,6.352865126,2.356187698,77.22452173,81.45093441",[DATA] H:78 A:0 D:0.7389 Latency:6 us
2026-05-27T21:38:26.450209,26,583.0,"583.0,3.397936191,6.146661107,1.627376493,76.22426128,70.61435969",[DATA] H:42 A:0 D:1.9858 Latency:6 us
2026-05-27T21:38:27.003218,27,773.0,"773.0,3.348316697,6.890316204,3.393287895,73.98528303,68.24275096",[DATA] H:32 A:0 D:2.3145 Latency:6 us
2026-05-27T21:38:27.556019,28,796.0,"796.0,4.6085522,5.398473736,1.846249309,83.33728981,77.37975031",[DATA] H:52 A:0 D:1.6323 Latency:6 us
2026-05-27T21:38:28.109080,29,591.0,"591.0,4.869288101,7.860033003,2.781762808,76.00480045,66.66709751",[DATA] H:30 A:0 D:2.4068 Latency:7 us
2026-05-27T21:38:28.663625,30,455.0,"455.0,4.759290152,13.97116025,2.448630195,80.60016369,75.81192539",[DATA] H:0 A:1 D:3.5119 Latency:6 us
2026-05-27T21:38:29.217047,31,1053.0,"1053.0,2.533847042,4.212193982,4.705473891,75.84209778,75.98157237",[DATA] H:30 A:0 D:2.3954 Latency:7 us
2026-05-27T21:38:29.769967,32,646.0,"646.0,2.157195801,8.454512251,3.033518045,75.20562731,86.28989581",[DATA] H:46 A:0 D:1.8569 Latency:7 us
2026-05-27T21:38:30.323460,33,799.0,"799.0,4.634378309,12.31190941,3.168087939,77.57523258,74.08360477",[DATA] H:28 A:0 D:2.4772 Latency:7 us
2026-05-27T21:38:30.877091,34,1348.0,"1348.0,3.500386605,7.286885806,1.463265044,84.47375281,81.49140597",[DATA] H:44 A:0 D:1.9131 Latency:7 us
2026-05-27T21:38:31.430579,35,635.0,"635.0,2.760153323,6.629578742,2.021019903,76.35883025,68.40312615",[DATA] H:39 A:0 D:2.0744 Latency:6 us
2026-05-27T21:38:31.983812,36,939.0,"939.0,3.836724143,2.713572365,1.868092924,76.25914474,83.99973769",[DATA] H:46 A:0 D:1.8404 Latency:6 us
2026-05-27T21:38:32.536836,37,657.0,"657.0,4.280497173,2.951999184,3.97608778,75.74857535,87.19195786",[DATA] H:20 A:0 D:2.7469 Latency:6 us
2026-05-27T21:38:33.091235,38,708.0,"708.0,2.947438925,5.088072943,2.924952052,77.46225949,76.9100848",[DATA] H:69 A:0 D:1.0364 Latency:7 us
2026-05-27T21:38:33.645953,39,1007.0,"1007.0,2.985704682,4.77585741,2.045025408,76.9033516,82.08852547",[DATA] H:69 A:0 D:1.0405 Latency:6 us
2026-05-27T21:38:34.198514,40,773.0,"773.0,3.195954786,7.745653511,4.534210375,75.85403748,86.37386013",[DATA] H:27 A:0 D:2.4979 Latency:6 us
2026-05-27T21:38:34.751911,41,1385.0,"1385.0,2.856924439,5.272285313,2.004513685,75.62032791,85.38164882",[DATA] H:33 A:0 D:2.2836 Latency:6 us
2026-05-27T21:38:35.305062,42,659.0,"659.0,3.129533562,3.961213245,1.047239056,83.95811494,75.76059821",[DATA] H:45 A:0 D:1.8654 Latency:7 us
2026-05-27T21:38:35.858352,43,751.0,"751.0,4.56511134,4.393172046,2.483414776,76.53348164,90.4327609",[DATA] H:31 A:0 D:2.3557 Latency:7 us
2026-05-27T21:38:36.412938,44,591.0,"591.0,2.761086478,5.205312086,2.167501472,78.62024306,81.32327912",[DATA] H:62 A:0 D:1.2968 Latency:7 us
2026-05-27T21:38:36.966120,45,1046.0,"1046.0,2.981362948,6.288947858,1.117251809,77.70409464,83.5552392",[DATA] H:51 A:0 D:1.6618 Latency:6 us
2026-05-27T21:38:37.519379,46,829.0,"829.0,3.422599762,6.108972885,2.285778328,86.45666983,74.93880147",[DATA] H:68 A:0 D:1.0930 Latency:6 us
2026-05-27T21:38:38.073166,47,961.0,"961.0,1.264996627,6.910787425,2.226115809,76.04902198,92.03931827",[DATA] H:27 A:0 D:2.5178 Latency:6 us
2026-05-27T21:38:38.627360,48,696.0,"696.0,5.115436256,11.96971897,1.451358043,75.80494139,82.65265028",[DATA] H:23 A:0 D:2.6281 Latency:7 us
2026-05-27T21:38:39.181310,49,852.0,"852.0,3.371740933,5.809203168,1.426231004,76.55381668,72.33909464",[DATA] H:56 A:0 D:1.5113 Latency:7 us
2026-05-27T21:38:39.734678,50,706.0,"706.0,2.817028083,5.381253176,2.248736143,76.42277842,74.89123081",[DATA] H:70 A:0 D:1.0312 Latency:6 us
2026-05-27T21:38:40.288053,51,901.0,"901.0,3.835654258,4.591213851,2.344017358,78.93005264,83.60378363",[DATA] H:58 A:0 D:1.4182 Latency:6 us
2026-05-27T21:38:40.841697,52,740.0,"740.0,4.847549481,6.795506013,2.440095612,75.07103293,80.6502174",[DATA] H:66 A:0 D:1.1432 Latency:6 us
2026-05-27T21:38:41.395881,53,654.0,"654.0,4.430796996,5.997907651,3.008774172,77.14450954,67.14573182",[DATA] H:37 A:0 D:2.1439 Latency:7 us
2026-05-27T21:38:41.949805,54,449.0,"449.0,2.181478251,5.416653314,5.694339313,83.36067371,82.14306828",[DATA] H:0 A:1 D:3.6902 Latency:6 us
2026-05-27T21:38:42.502549,55,779.0,"779.0,2.022409872,13.7865859,1.026768907,77.1271708,84.85805631",[DATA] H:2 A:0 D:3.3540 Latency:6 us
2026-05-27T21:38:43.055834,56,1674.0,"1674.0,2.501620349,3.624157065,2.043074697,76.77232668,74.64194049",[DATA] H:6 A:0 D:3.2389 Latency:7 us
2026-05-27T21:38:43.610613,57,587.0,"587.0,2.455164971,4.482940586,1.736345388,76.55724489,75.38142282",[DATA] H:57 A:0 D:1.4749 Latency:6 us
2026-05-27T21:38:44.164956,58,613.0,"613.0,3.872402408,5.302400377,2.258727842,81.88824943,80.92081946",[DATA] H:55 A:0 D:1.5392 Latency:7 us
2026-05-27T21:38:44.717964,59,691.0,"691.0,2.381064805,8.001884993,1.47437613,75.09283672,71.61194572",[DATA] H:44 A:0 D:1.9019 Latency:7 us
2026-05-27T21:38:45.271293,60,866.0,"866.0,4.343461997,8.022555595,3.118126963,85.27476256,77.64556961",[DATA] H:55 A:0 D:1.5467 Latency:6 us
2026-05-27T21:38:45.834074,61,697.0,"697.0,3.813757968,1.633776818,0.794513633,78.63404126,86.72923729",[DATA] H:15 A:0 D:2.9102 Latency:6 us
2026-05-27T21:38:46.387767,62,694.0,"694.0,3.286426914,5.944093433,2.939865305,76.14288195,69.68765833",[DATA] H:43 A:0 D:1.9354 Latency:7 us
2026-05-27T21:38:46.964773,63,850.0,"850.0,2.375657382,7.551966112,2.569235,77.13097075,86.94309762",[DATA] H:58 A:0 D:1.4203 Latency:7 us
2026-05-27T21:38:47.517843,64,849.0,"849.0,4.952401864,11.56760565,2.64499179,77.72249932,77.24474175",[DATA] H:39 A:0 D:2.0873 Latency:7 us
2026-05-27T21:38:48.070471,65,938.0,"938.0,3.0738283,7.414277238,4.478904102,76.09992716,73.24920895",[DATA] H:33 A:0 D:2.3079 Latency:6 us
2026-05-27T21:38:48.624569,66,458.0,"458.0,2.659770109,5.224569371,3.099190097,77.08612355,73.93579864",[DATA] H:45 A:0 D:1.8780 Latency:6 us
2026-05-27T21:38:49.179328,67,878.0,"878.0,4.158025164,2.537920871,1.050346611,75.83222046,76.73559684",[DATA] H:44 A:0 D:1.9033 Latency:7 us
2026-05-27T21:38:49.732869,68,513.0,"513.0,2.482436384,5.183278841,3.365111616,75.70401543,78.26979114",[DATA] H:53 A:0 D:1.6131 Latency:6 us
2026-05-27T21:38:50.286537,69,590.0,"590.0,3.654488533,6.650566706,2.850119322,83.66142859,75.24973832",[DATA] H:56 A:0 D:1.5167 Latency:6 us
2026-05-27T21:38:50.840238,70,893.0,"893.0,2.817946572,6.62062814,1.567984372,75.80528798,74.36295653",[DATA] H:63 A:0 D:1.2440 Latency:6 us
2026-05-27T21:38:51.395460,71,748.0,"748.0,2.753083469,5.715725479,5.261251561,75.18527534,79.10691274",[DATA] H:21 A:0 D:2.6976 Latency:6 us
2026-05-27T21:38:51.948895,72,805.0,"805.0,2.91303054,17.5689917,1.746637573,74.71799504,75.25512005",[DATA] H:0 A:1 D:4.4374 Latency:7 us
2026-05-27T21:38:52.502231,73,563.0,"563.0,3.216518822,3.501781507,1.55475179,77.18860576,73.28979791",[DATA] H:40 A:0 D:2.0674 Latency:7 us
2026-05-27T21:38:53.055512,74,976.0,"976.0,2.849036514,3.180079643,1.1343329,76.30000531,73.24670198",[DATA] H:43 A:0 D:1.9677 Latency:6 us
2026-05-27T21:38:53.608946,75,643.0,"643.0,3.959626634,5.833381401,1.79308827,84.03223687,90.65796262",[DATA] H:32 A:0 D:2.3323 Latency:6 us
2026-05-27T21:38:54.162574,76,864.0,"864.0,3.265051604,3.891605672,1.399021488,85.24299314,77.45752647",[DATA] H:60 A:0 D:1.3642 Latency:7 us
2026-05-27T21:38:54.715691,77,1108.0,"1108.0,3.587614093,7.152263983,1.504648152,76.55715821,77.42404684",[DATA] H:64 A:0 D:1.2376 Latency:6 us
2026-05-27T21:38:55.268733,78,438.0,"438.0,2.874117909,6.37782256,2.20302365,83.56868787,67.52711961",[DATA] H:22 A:0 D:2.6654 Latency:6 us
2026-05-27T21:38:55.822562,79,678.0,"678.0,2.061297629,8.749673194,1.76373317,75.99473881,91.52366524",[DATA] H:27 A:0 D:2.5043 Latency:6 us
2026-05-27T21:38:56.376684,80,795.0,"795.0,3.656956183,6.081633432,4.643738687,76.28480601,68.68361693",[DATA] H:20 A:0 D:2.7471 Latency:6 us
2026-05-27T21:38:56.930478,81,664.0,"664.0,3.978487755,7.537095002,4.853973435,76.41286716,84.56546386",[DATA] H:18 A:0 D:2.7975 Latency:6 us
2026-05-27T21:38:57.483512,82,664.0,"664.0,4.812661613,5.354230609,1.285504251,75.87882262,79.34871611",[DATA] H:55 A:0 D:1.5264 Latency:6 us
2026-05-27T21:38:58.036812,83,644.0,"644.0,4.327723399,4.50773466,0.956631549,76.61413506,74.8521655",[DATA] H:47 A:0 D:1.8038 Latency:6 us
2026-05-27T21:38:58.589982,84,881.0,"881.0,4.591507984,4.548771534,1.835620871,75.9503683,75.28806355",[DATA] H:69 A:0 D:1.0525 Latency:7 us
2026-05-27T21:38:59.143714,85,810.0,"810.0,2.986358566,6.488713782,2.274243458,78.36535699,78.265312",[DATA] H:76 A:0 D:0.7958 Latency:6 us
2026-05-27T21:38:59.696594,86,1107.0,"1107.0,2.666871048,6.131345823,1.738025184,74.90104565,68.42245246",[DATA] H:36 A:0 D:2.2091 Latency:6 us
2026-05-27T21:39:00.249824,87,882.0,"882.0,4.841943075,5.604364431,2.666664868,76.56105815,85.45473634",[DATA] H:56 A:0 D:1.5035 Latency:6 us
2026-05-27T21:39:00.803221,88,596.0,"596.0,4.210487323,4.601446226,1.313461157,84.46371135,76.6307949",[DATA] H:42 A:0 D:1.9793 Latency:7 us
2026-05-27T21:39:01.356786,89,1776.0,"1776.0,3.648059966,5.873873853,1.318789889,76.48142055,71.23378647",[DATA] H:0 A:1 D:3.5597 Latency:6 us
2026-05-27T21:39:01.910609,90,1294.0,"1294.0,4.417271295,12.57025147,2.445931494,77.41460426,72.18097953",[DATA] H:17 A:0 D:2.8594 Latency:7 us
2026-05-27T21:39:02.463808,91,666.0,"666.0,2.517943454,8.944874593,2.781627428,74.35555721,68.13692194",[DATA] H:30 A:0 D:2.4163 Latency:6 us
2026-05-27T21:39:03.017239,92,442.0,"442.0,2.133638141,0.314028302,2.667828055,76.91038906,83.67252996",[DATA] H:20 A:0 D:2.7575 Latency:7 us
2026-05-27T21:39:03.570170,93,885.0,"885.0,1.26391793,2.518659663,2.914546785,84.5215851,82.26834396",[DATA] H:28 A:0 D:2.4833 Latency:6 us
2026-05-27T21:39:04.123888,94,577.0,"577.0,3.581444453,4.80558017,1.345729939,76.50266739,72.33354093",[DATA] H:43 A:0 D:1.9657 Latency:6 us
2026-05-27T21:39:04.677638,95,859.0,"859.0,2.193878565,6.031276378,1.303366159,78.41384221,83.01253723",[DATA] H:60 A:0 D:1.3513 Latency:7 us
2026-05-27T21:39:05.230756,96,585.0,"585.0,2.833766832,6.689133779,2.244056735,81.62466421,70.61133989",[DATA] H:39 A:0 D:2.0887 Latency:6 us
2026-05-27T21:39:05.783944,97,704.0,"704.0,2.267872796,10.01271618,2.147507293,76.24817356,88.93317269",[DATA] H:33 A:0 D:2.2992 Latency:7 us
2026-05-27T21:39:06.337592,98,500.0,"500.0,2.430457286,5.691030229,2.336999653,75.48801696,82.79542312",[DATA] H:56 A:0 D:1.5025 Latency:7 us
2026-05-27T21:39:06.891034,99,577.0,"577.0,4.075805489,4.969334905,2.357237688,76.27309285,76.50787132",[DATA] H:60 A:0 D:1.3719 Latency:6 us
2026-05-27T21:39:07.445000,100,829.0,"829.0,5.460025254,6.394026297,2.970531382,75.66222616,79.24011618",[DATA] H:57 A:0 D:1.4766 Latency:7 us
2026-05-27T21:39:07.998162,101,1281.0,"1281.0,4.093606867,4.66227032,1.607835565,77.38513218,80.09425938",[DATA] H:50 A:0 D:1.7220 Latency:7 us
2026-05-27T21:39:08.551480,102,762.0,"762.0,2.423241546,4.854528255,1.37339073,76.9543318,83.63761534",[DATA] H:61 A:0 D:1.3369 Latency:6 us
2026-05-27T21:39:09.104802,103,1481.0,"1481.0,3.972600005,5.701679579,1.556111313,75.99768995,93.79160853",[DATA] H:0 A:1 D:3.5064 Latency:6 us
2026-05-27T21:39:09.659379,104,1224.0,"1224.0,2.214727486,5.869446739,1.721887631,82.98158331,78.93874198",[DATA] H:51 A:0 D:1.6757 Latency:6 us
2026-05-27T21:39:10.212874,105,1334.0,"1334.0,3.737746178,5.479429349,0.783004762,77.3176847,73.76200938",[DATA] H:33 A:0 D:2.2964 Latency:7 us
2026-05-27T21:39:10.765774,106,388.0,"388.0,3.141249552,3.342019626,2.719029068,81.91163998,75.48676565",[DATA] H:29 A:0 D:2.4365 Latency:6 us
2026-05-27T21:39:11.319093,107,872.0,"872.0,2.563634809,5.460596854,2.13097643,82.87267563,66.64596447",[DATA] H:33 A:0 D:2.2939 Latency:6 us
2026-05-27T21:39:11.872317,108,619.0,"619.0,4.478510777,13.59343394,1.226316814,85.39266838,70.88431369",[DATA] H:0 A:1 D:3.6592 Latency:6 us
2026-05-27T21:39:12.426665,109,1661.0,"1661.0,3.518120833,11.80290181,2.951990975,76.72592091,72.87272512",[DATA] H:0 A:1 D:3.6308 Latency:6 us
2026-05-27T21:39:12.979660,110,654.0,"654.0,2.869503863,15.34664402,1.367785037,74.80520693,78.91487294",[DATA] H:0 A:1 D:3.7572 Latency:6 us
2026-05-27T21:39:13.532542,111,952.0,"952.0,2.44869462,3.988143607,1.520395761,73.64641309,82.01507128",[DATA] H:54 A:0 D:1.5646 Latency:7 us
2026-05-27T21:39:14.086223,112,780.0,"780.0,4.164540959,7.01528845,2.32493781,86.25077987,72.34937949",[DATA] H:49 A:0 D:1.7344 Latency:7 us
2026-05-27T21:39:14.640388,113,658.0,"658.0,2.781480523,4.397235113,1.696599595,83.97901049,73.03823376",[DATA] H:49 A:0 D:1.7460 Latency:7 us
2026-05-27T21:39:15.194242,114,697.0,"697.0,2.449275608,4.424065691,2.040593179,75.92381793,87.29506389",[DATA] H:52 A:0 D:1.6364 Latency:6 us
2026-05-27T21:39:15.747295,115,797.0,"797.0,3.017164546,6.770727394,1.913546863,75.58088756,69.25287686",[DATA] H:45 A:0 D:1.8921 Latency:6 us
2026-05-27T21:39:16.301082,116,449.0,"449.0,2.549285704,4.350933155,3.233813178,77.40213272,80.48428177",[DATA] H:47 A:0 D:1.8245 Latency:6 us
2026-05-27T21:39:16.854162,117,565.0,"565.0,1.692545422,7.313621357,3.249909601,74.40554427,84.09232153",[DATA] H:43 A:0 D:1.9374 Latency:6 us
2026-05-27T21:39:17.408337,118,690.0,"690.0,5.190159252,5.130944387,1.520257474,85.02745829,69.55042153",[DATA] H:17 A:0 D:2.8523 Latency:7 us
2026-05-27T21:39:17.961392,119,618.0,"618.0,2.798816735,6.17482569,0.942659534,75.27835546,76.33779257",[DATA] H:48 A:0 D:1.7832 Latency:6 us
2026-05-27T21:39:18.514641,120,495.0,"495.0,4.711893493,4.667762436,3.060745005,80.94244115,95.23455433",[DATA] H:0 A:1 D:3.6672 Latency:6 us
2026-05-27T21:39:19.068174,121,833.0,"833.0,4.512386701,5.047437283,2.300782809,75.26660366,84.61243189",[DATA] H:59 A:0 D:1.4015 Latency:7 us
2026-05-27T21:39:19.621499,122,764.0,"764.0,3.828116263,4.979883117,2.900889021,77.33968211,79.24111987",[DATA] H:69 A:0 D:1.0626 Latency:6 us
2026-05-27T21:39:20.176035,123,721.0,"721.0,3.541263916,5.367468376,2.289658856,76.79268294,78.42414979",[DATA] H:69 A:0 D:1.0415 Latency:6 us
2026-05-27T21:39:20.730033,124,739.0,"739.0,3.535458618,5.915657484,1.020238959,74.38178011,81.97742638",[DATA] H:47 A:0 D:1.8101 Latency:7 us
2026-05-27T21:39:21.283622,125,989.0,"989.0,0.726166434,3.189772186,1.571435972,76.80935697,84.73935075",[DATA] H:30 A:0 D:2.4146 Latency:6 us
2026-05-27T21:39:21.837055,126,668.0,"668.0,2.077727183,6.477922753,1.839531573,77.36917123,74.44268178",[DATA] H:62 A:0 D:1.3058 Latency:6 us
2026-05-27T21:39:22.391559,127,1172.0,"1172.0,3.282762281,10.34829734,2.090401755,78.05237151,76.71761855",[DATA] H:41 A:0 D:2.0223 Latency:7 us
2026-05-27T21:39:22.944657,128,657.0,"657.0,2.468920686,5.516645965,2.760213371,75.95077867,79.1811119",[DATA] H:75 A:0 D:0.8610 Latency:6 us
2026-05-27T21:39:23.498166,129,717.0,"717.0,3.32553092,7.388977164,1.565634863,77.21903164,88.17929158",[DATA] H:41 A:0 D:2.0200 Latency:6 us
2026-05-27T21:39:24.059435,130,816.0,"816.0,3.126299099,11.0586131,3.246944501,84.82589965,76.29628594",[DATA] H:40 A:0 D:2.0496 Latency:6 us
2026-05-27T21:39:24.612860,131,879.0,"879.0,3.039941985,1.762921355,2.594185709,77.00119004,75.81380982",[DATA] H:48 A:0 D:1.7856 Latency:7 us
2026-05-27T21:39:25.166598,132,711.0,"711.0,5.396527374,6.161167953,2.030553064,76.45694819,72.2832804",[DATA] H:51 A:0 D:1.6868 Latency:6 us
2026-05-27T21:39:25.720299,133,819.0,"819.0,2.750351636,3.156032864,2.535270894,77.92618461,74.14279512",[DATA] H:57 A:0 D:1.4621 Latency:6 us
2026-05-27T21:39:26.274813,134,1411.0,"1411.0,3.329394464,5.411344521,1.40721433,75.51658876,73.4067854",[DATA] H:30 A:0 D:2.4002 Latency:7 us
2026-05-27T21:39:26.828080,135,970.0,"970.0,5.173883251,0.435527221,1.175465155,76.39520179,67.87844623",[DATA] H:8 A:0 D:3.1524 Latency:6 us
2026-05-27T21:39:27.381221,136,990.0,"990.0,4.0381252,5.973015356,1.643291631,76.13477379,84.60349535",[DATA] H:60 A:0 D:1.3588 Latency:6 us
2026-05-27T21:39:27.934457,137,1378.0,"1378.0,2.80844805,6.069563914,1.638058372,75.20653797,70.4464103",[DATA] H:25 A:0 D:2.5801 Latency:7 us
2026-05-27T21:39:28.487694,138,929.0,"929.0,2.471971508,6.597364192,3.538679127,75.60880207,75.88127461",[DATA] H:63 A:0 D:1.2658 Latency:6 us
2026-05-27T21:39:29.042142,139,428.0,"428.0,4.015312266,4.387232694,1.869855318,75.61926017,90.81352924",[DATA] H:14 A:0 D:2.9580 Latency:6 us
2026-05-27T21:39:29.594968,140,620.0,"620.0,1.975893666,12.93603086,3.415524971,76.38122197,88.27501249",[DATA] H:4 A:0 D:3.2879 Latency:6 us
2026-05-27T21:39:30.148236,141,925.0,"925.0,3.627445078,4.513433692,2.954845392,77.17481756,86.71295042",[DATA] H:46 A:0 D:1.8521 Latency:7 us
2026-05-27T21:39:30.702327,142,778.0,"778.0,2.731842201,4.518810363,1.111431547,78.12447814,76.60856745",[DATA] H:55 A:0 D:1.5248 Latency:6 us
2026-05-27T21:39:31.257682,143,670.0,"670.0,2.492499635,7.122014737,1.280185897,81.01274421,77.18424715",[DATA] H:46 A:0 D:1.8585 Latency:6 us
2026-05-27T21:39:31.811034,144,1620.0,"1620.0,1.536989094,6.398304277,2.42389455,75.163334,77.34005756",[DATA] H:12 A:0 D:3.0086 Latency:6 us
2026-05-27T21:39:32.364135,145,689.0,"689.0,2.441506273,9.308475785,1.080504064,79.5628642,73.24518703",[DATA] H:33 A:0 D:2.2980 Latency:6 us
2026-05-27T21:39:32.917784,146,1321.0,"1321.0,2.893330432,5.216484442,1.188789089,76.53906217,81.09922246",[DATA] H:38 A:0 D:2.1202 Latency:7 us
2026-05-27T21:39:33.472293,147,638.0,"638.0,1.940204885,1.725983559,2.558749129,76.64167976,69.90564495",[DATA] H:28 A:0 D:2.4550 Latency:6 us
2026-05-27T21:39:34.026007,148,483.0,"483.0,2.170018205,5.710811204,2.251067417,78.21619313,82.57104873",[DATA] H:53 A:0 D:1.6126 Latency:7 us
2026-05-27T21:39:34.579337,149,644.0,"644.0,2.178557643,3.506100743,1.867200429,76.44382393,81.5890252",[DATA] H:58 A:0 D:1.4199 Latency:6 us
2026-05-27T21:39:35.132493,150,801.0,"801.0,4.165308131,2.003887133,3.282646158,77.50001132,81.79433362",[DATA] H:40 A:0 D:2.0668 Latency:7 us
2026-05-27T21:39:35.686550,151,544.0,"544.0,2.835300054,4.936852212,2.54860082,77.52426394,76.82470527",[DATA] H:60 A:0 D:1.3758 Latency:6 us
2026-05-27T21:39:36.239950,152,775.0,"775.0,4.190953102,7.745768318,4.080837192,81.79182907,78.97526317",[DATA] H:38 A:0 D:2.1275 Latency:7 us
2026-05-27T21:39:36.793208,153,965.0,"965.0,3.033358697,2.278427726,1.297099836,78.24339773,73.32716002",[DATA] H:37 A:0 D:2.1660 Latency:7 us
2026-05-27T21:39:37.345987,154,970.0,"970.0,4.474405433,4.268880965,2.530169065,77.40082166,83.01734637",[DATA] H:62 A:0 D:1.2845 Latency:7 us
2026-05-27T21:39:37.900347,155,692.0,"692.0,3.90012117,7.049257954,1.909216319,77.41321276,77.82467748",[DATA] H:72 A:0 D:0.9556 Latency:7 us
2026-05-27T21:39:38.455192,156,600.0,"600.0,4.978815317,5.478032067,1.96596001,78.47903376,71.34965289",[DATA] H:45 A:0 D:1.8792 Latency:6 us
2026-05-27T21:39:39.008931,157,598.0,"598.0,1.1663033,8.209485195,2.45216096,77.88649193,72.89761524",[DATA] H:37 A:0 D:2.1524 Latency:6 us
2026-05-27T21:39:39.562006,158,1694.0,"1694.0,3.772280912,11.07112555,2.174929866,75.68910669,75.50529886",[DATA] H:0 A:0 D:3.4362 Latency:7 us
2026-05-27T21:39:40.115230,159,719.0,"719.0,3.774826185,4.936960388,2.651179204,77.11806415,77.90499174",[DATA] H:69 A:0 D:1.0547 Latency:6 us
2026-05-27T21:39:40.670494,160,843.0,"843.0,2.440784782,6.3659421,1.739462748,82.92946885,89.9549671",[DATA] H:40 A:0 D:2.0636 Latency:7 us
2026-05-27T21:39:41.224425,161,1121.0,"1121.0,3.823508155,6.00338822,3.120429791,77.00610408,73.47771439",[DATA] H:59 A:0 D:1.3890 Latency:7 us
2026-05-27T21:39:41.777591,162,501.0,"501.0,2.99477498,4.47831813,1.637320865,76.78483587,63.97067607",[DATA] H:10 A:0 D:3.0761 Latency:7 us
2026-05-27T21:39:42.331335,163,779.0,"779.0,3.740722614,7.808329661,1.541833657,75.87969903,69.48116684",[DATA] H:48 A:0 D:1.7866 Latency:6 us
2026-05-27T21:39:42.885402,164,861.0,"861.0,2.506005539,6.829980847,2.286770681,75.84301896,88.91946405",[DATA] H:51 A:0 D:1.6619 Latency:7 us
2026-05-27T21:39:43.439759,165,780.0,"780.0,2.86783303,4.770536201,1.408910574,75.475542,77.66175843",[DATA] H:64 A:0 D:1.2336 Latency:7 us
2026-05-27T21:39:43.993437,166,623.0,"623.0,2.195767764,4.46618155,1.248517552,83.23664854,79.26689652",[DATA] H:44 A:0 D:1.9288 Latency:7 us
2026-05-27T21:39:44.546979,167,808.0,"808.0,1.991122417,6.125850519,2.744537342,78.16278946,87.86718373",[DATA] H:52 A:0 D:1.6254 Latency:7 us
2026-05-27T21:39:45.100417,168,1074.0,"1074.0,3.737906137,10.96807602,1.625575161,75.35410921,78.73236134",[DATA] H:42 A:0 D:1.9958 Latency:7 us
2026-05-27T21:39:45.655697,169,740.0,"740.0,3.056827535,3.683837544,2.124681329,81.96455459,76.2781772",[DATA] H:57 A:0 D:1.4705 Latency:7 us
2026-05-27T21:39:46.209070,170,800.0,"800.0,2.841431392,6.841369399,1.655518342,83.51191683,70.31626348",[DATA] H:49 A:0 D:1.7595 Latency:6 us
2026-05-27T21:39:46.761793,171,763.0,"763.0,2.526961993,4.759057395,1.724618736,77.59759118,86.97513439",[DATA] H:54 A:0 D:1.5785 Latency:6 us
2026-05-27T21:39:47.315649,172,735.0,"735.0,3.600737521,1.753670802,2.772469577,76.68178035,81.0644829",[DATA] H:41 A:0 D:2.0316 Latency:6 us
2026-05-27T21:39:47.869318,173,474.0,"474.0,2.372313395,9.212597586,0.76771055,86.59158833,86.25552489",[DATA] H:15 A:0 D:2.9098 Latency:7 us
2026-05-27T21:39:48.423619,174,666.0,"666.0,3.309324648,5.17202472,0.262600613,76.31671718,86.38672994",[DATA] H:25 A:0 D:2.5747 Latency:6 us
2026-05-27T21:39:48.976743,175,858.0,"858.0,2.740992298,12.21937836,1.114087748,80.60320127,85.45312207",[DATA] H:14 A:0 D:2.9480 Latency:6 us
2026-05-27T21:39:49.530154,176,819.0,"819.0,1.964465891,8.280937231,2.355673709,74.87857891,68.0609734",[DATA] H:36 A:0 D:2.2089 Latency:7 us
2026-05-27T21:39:50.083814,177,399.0,"399.0,1.616966609,12.08420404,1.976504482,75.81905079,75.47314341",[DATA] H:11 A:0 D:3.0693 Latency:7 us
2026-05-27T21:39:50.638171,178,1030.0,"1030.0,3.215202878,7.902835964,2.038030342,76.54294245,71.28515292",[DATA] H:52 A:0 D:1.6503 Latency:6 us
2026-05-27T21:39:51.190493,179,620.0,"620.0,2.490412021,3.33418469,1.042336434,77.80023973,86.91208597",[DATA] H:34 A:0 D:2.2667 Latency:6 us
2026-05-27T21:39:51.743164,180,1459.0,"1459.0,2.993030147,14.86966956,1.745653813,77.97271433,84.21268905",[DATA] H:0 A:1 D:4.1084 Latency:6 us
2026-05-27T21:39:52.296737,181,913.0,"913.0,3.579091873,3.160604993,2.805944002,78.06472222,70.21188544",[DATA] H:42 A:0 D:1.9875 Latency:7 us
2026-05-27T21:39:52.849665,182,593.0,"593.0,2.362149622,6.135191403,1.211968063,77.34780683,74.51319051",[DATA] H:50 A:0 D:1.7098 Latency:6 us
2026-05-27T21:39:53.403271,183,391.0,"391.0,2.073258636,10.82307721,1.632910991,76.09983844,74.32658699",[DATA] H:19 A:0 D:2.7639 Latency:6 us
2026-05-27T21:39:53.955807,184,718.0,"718.0,5.350954462,2.938806158,3.194436139,75.12708362,77.05350991",[DATA] H:38 A:0 D:2.1180 Latency:6 us
2026-05-27T21:39:54.509147,185,626.0,"626.0,4.040809654,6.296280956,2.758977449,78.60073324,83.51737827",[DATA] H:54 A:0 D:1.5777 Latency:7 us
2026-05-27T21:39:55.062164,186,1058.0,"1058.0,0.57937415,5.740930511,2.244358497,81.92085432,79.06874769",[DATA] H:24 A:0 D:2.6085 Latency:6 us
2026-05-27T21:39:55.615754,187,805.0,"805.0,2.266602917,6.697597147,0.155649761,81.94656804,82.36303583",[DATA] H:29 A:0 D:2.4290 Latency:7 us
2026-05-27T21:39:56.170691,188,794.0,"794.0,5.060360314,8.134557547,2.057678451,82.19162577,84.4368073",[DATA] H:33 A:0 D:2.2892 Latency:6 us
2026-05-27T21:39:56.724261,189,963.0,"963.0,2.70588335,7.155380363,6.151323455,77.36978827,75.41650773",[DATA] H:0 A:1 D:3.5505 Latency:7 us
2026-05-27T21:39:57.278054,190,895.0,"895.0,3.787666275,5.626424687,2.444182626,76.06546036,81.31894986",[DATA] H:75 A:0 D:0.8315 Latency:7 us
2026-05-27T21:39:57.831545,191,562.0,"562.0,3.76044811,8.619020303,2.668799226,73.76683309,84.06245114",[DATA] H:38 A:0 D:2.1229 Latency:7 us
2026-05-27T21:39:58.384785,192,924.0,"924.0,3.503636823,8.331432367,1.175183395,76.62563683,72.25480208",[DATA] H:50 A:0 D:1.7023 Latency:6 us
2026-05-27T21:39:58.938575,193,535.0,"535.0,3.749576817,4.412681253,2.327189854,81.76736141,74.11808511",[DATA] H:41 A:0 D:2.0098 Latency:6 us
2026-05-27T21:39:59.491860,194,636.0,"636.0,4.035666015,6.981595773,1.517036249,78.52841211,73.32198505",[DATA] H:54 A:0 D:1.5537 Latency:7 us
2026-05-27T21:40:00.045865,195,896.0,"896.0,2.687259217,5.106726664,4.868988253,78.35161146,79.07773315",[DATA] H:32 A:0 D:2.3464 Latency:7 us
2026-05-27T21:40:00.599963,196,1256.0,"1256.0,2.307970944,5.620646088,2.507053699,77.79832927,83.42495911",[DATA] H:51 A:0 D:1.6660 Latency:6 us
2026-05-27T21:40:01.154118,197,1334.0,"1334.0,3.877046868,6.62564613,1.109298619,79.92586546,81.27620476",[DATA] H:34 A:0 D:2.2477 Latency:6 us
2026-05-27T21:40:01.707718,198,911.0,"911.0,5.064813888,7.939205502,2.869245424,77.3200312,77.9019753",[DATA] H:66 A:0 D:1.1464 Latency:6 us
2026-05-27T21:40:02.260774,199,1435.0,"1435.0,2.623801722,8.572543197,2.309843193,76.19896602,90.04585756",[DATA] H:14 A:0 D:2.9430 Latency:6 us
2026-05-27T21:40:02.813858,200,761.0,"761.0,3.419064964,5.35965649,1.638043005,75.93628293,70.42744757",[DATA] H:49 A:0 D:1.7471 Latency:7 us
2026-05-27T21:40:03.367992,201,1366.0,"1366.0,4.149745828,5.54838358,2.258294895,80.92530049,78.23179043",[DATA] H:37 A:0 D:2.1539 Latency:6 us
2026-05-27T21:40:03.922037,202,552.0,"552.0,3.913291816,4.786406401,3.747532148,77.77133679,88.0874394",[DATA] H:23 A:0 D:2.6480 Latency:6 us
2026-05-27T21:40:04.475002,203,701.0,"701.0,3.072903006,2.875460079,1.531374512,76.37243677,77.33280416",[DATA] H:51 A:0 D:1.6834 Latency:6 us
2026-05-27T21:40:05.028736,204,710.0,"710.0,4.28783806,16.16594997,2.560724337,73.81037555,71.0751473",[DATA] H:0 A:1 D:3.9659 Latency:6 us
2026-05-27T21:40:05.582386,205,881.0,"881.0,4.508584397,1.823706738,2.611214434,73.63149225,86.22380009",[DATA] H:28 A:0 D:2.4802 Latency:6 us
2026-05-27T21:40:06.136753,206,388.0,"388.0,2.959983992,12.82881802,1.517932149,81.94628375,70.63155778",[DATA] H:0 A:1 D:3.5875 Latency:7 us
2026-05-27T21:40:06.690119,207,737.0,"737.0,4.621479399,5.908824889,1.831711407,77.61340829,70.89634298",[DATA] H:57 A:0 D:1.4820 Latency:7 us
2026-05-27T21:40:07.244020,208,669.0,"669.0,4.916708538,3.812912441,3.056460265,74.14268768,74.31645252",[DATA] H:43 A:0 D:1.9408 Latency:7 us
2026-05-27T21:40:07.797773,209,663.0,"663.0,2.244654644,2.923399719,2.102534969,73.86854525,76.51287375",[DATA] H:50 A:0 D:1.7233 Latency:6 us
2026-05-27T21:40:08.351110,210,1033.0,"1033.0,3.229125825,6.051614999,2.186849669,77.61406156,82.95607829",[DATA] H:65 A:0 D:1.2000 Latency:6 us
2026-05-27T21:40:08.904645,211,544.0,"544.0,2.04929961,4.292368074,4.914337108,75.71054384,94.07309357",[DATA] H:0 A:1 D:3.6625 Latency:6 us
2026-05-27T21:40:09.457786,212,502.0,"502.0,4.450185373,5.187412552,2.301391796,74.59122052,78.07530236",[DATA] H:50 A:0 D:1.7224 Latency:6 us
2026-05-27T21:40:10.011530,213,1000.0,"1000.0,3.296396721,3.809594953,2.263667878,75.61763641,89.73362683",[DATA] H:36 A:0 D:2.1777 Latency:6 us
2026-05-27T21:40:10.565834,214,1154.0,"1154.0,3.319094211,1.999086201,1.277658326,82.15168618,78.13854997",[DATA] H:36 A:0 D:2.2063 Latency:7 us
2026-05-27T21:40:11.120544,215,801.0,"801.0,3.223139318,10.62407743,2.028256825,74.87079172,84.46720455",[DATA] H:37 A:0 D:2.1713 Latency:6 us
2026-05-27T21:40:11.673536,216,665.0,"665.0,3.76645578,4.99443944,1.779222159,77.411579,82.51709283",[DATA] H:57 A:0 D:1.4700 Latency:7 us
2026-05-27T21:40:12.227186,217,963.0,"963.0,1.860025498,4.713369672,1.817198766,76.23397889,83.34901283",[DATA] H:63 A:0 D:1.2462 Latency:7 us
2026-05-27T21:40:12.780898,218,582.0,"582.0,4.331407503,10.29785707,4.251674202,77.5824004,87.89711135",[DATA] H:10 A:0 D:3.0959 Latency:7 us
2026-05-27T21:40:13.336037,219,481.0,"481.0,3.967326699,8.721202436,2.212565165,78.30909627,81.3657434",[DATA] H:43 A:0 D:1.9382 Latency:7 us
2026-05-27T21:40:13.889499,220,537.0,"537.0,4.349171427,5.235084955,3.500016983,77.56512708,84.39419559",[DATA] H:38 A:0 D:2.1384 Latency:7 us
2026-05-27T21:40:14.442528,221,904.0,"904.0,1.58635918,7.532629711,1.351027396,77.89293307,81.59382536",[DATA] H:54 A:0 D:1.5544 Latency:6 us
2026-05-27T21:40:14.996550,222,739.0,"739.0,3.450818081,6.902708899,1.322024431,77.74944294,77.65847196",[DATA] H:60 A:0 D:1.3589 Latency:6 us
2026-05-27T21:40:15.551693,223,1331.0,"1331.0,4.214476826,3.231521189,2.080049324,83.73460583,74.45206159",[DATA] H:31 A:0 D:2.3488 Latency:6 us
2026-05-27T21:40:16.105375,224,536.0,"536.0,3.908921658,7.415393795,2.544380421,84.55627801,85.26739442",[DATA] H:45 A:0 D:1.8915 Latency:7 us
2026-05-27T21:40:16.658344,225,512.0,"512.0,2.503028123,6.384516498,1.759595224,75.92649733,69.17384119",[DATA] H:35 A:0 D:2.2314 Latency:6 us
2026-05-27T21:40:17.211517,226,1046.0,"1046.0,1.699897976,5.904739463,2.59087353,79.56981266,67.40503794",[DATA] H:29 A:0 D:2.4292 Latency:6 us
2026-05-27T21:40:17.765421,227,630.0,"630.0,4.211055499,7.043989472,2.798201015,74.46290377,77.72833586",[DATA] H:61 A:0 D:1.3444 Latency:6 us
2026-05-27T21:40:18.320306,228,530.0,"530.0,4.601008641,7.371770259,3.304200119,76.47265978,72.06043302",[DATA] H:42 A:0 D:1.9949 Latency:6 us
2026-05-27T21:40:18.873711,229,709.0,"709.0,2.809189491,7.388941976,2.659268414,75.82708769,85.68049186",[DATA] H:59 A:0 D:1.3873 Latency:6 us
2026-05-27T21:40:19.427564,230,501.0,"501.0,2.877292426,6.562203857,2.273539013,77.08120593,83.31447358",[DATA] H:54 A:0 D:1.5569 Latency:7 us
2026-05-27T21:40:19.980906,231,1286.0,"1286.0,5.123405337,3.826147648,3.254757157,77.36771884,71.8645535",[DATA] H:31 A:0 D:2.3647 Latency:7 us
2026-05-27T21:40:20.535185,232,524.0,"524.0,3.223531922,8.185101829,1.864353329,79.28166436,68.35636908",[DATA] H:25 A:0 D:2.5674 Latency:6 us
2026-05-27T21:40:21.087870,233,980.0,"980.0,3.534892935,9.049000477,1.02072074,76.79780933,80.01259821",[DATA] H:50 A:0 D:1.7114 Latency:6 us
2026-05-27T21:40:21.640959,234,571.0,"571.0,3.562234894,7.634627697,2.680775148,76.31956202,69.89012285",[DATA] H:41 A:0 D:2.0075 Latency:7 us
2026-05-27T21:40:22.194633,235,541.0,"541.0,3.106032156,6.35737297,1.723225484,76.65431812,86.09074175",[DATA] H:46 A:0 D:1.8634 Latency:7 us
2026-05-27T21:40:22.748065,236,422.0,"422.0,2.800016094,9.509489124,1.308560751,77.1760091,71.52253542",[DATA] H:22 A:0 D:2.6802 Latency:6 us
2026-05-27T21:40:23.303170,237,430.0,"430.0,2.204474841,5.465012499,3.322512546,77.58549323,77.06680054",[DATA] H:45 A:0 D:1.8825 Latency:7 us
2026-05-27T21:40:23.856013,238,778.0,"778.0,1.816552073,3.484873143,4.932171294,76.96896917,93.59854514",[DATA] H:0 A:1 D:3.5343 Latency:6 us
2026-05-27T21:40:24.409758,239,861.0,"861.0,2.800656627,4.493413967,3.052897981,85.25899559,66.76317808",[DATA] H:31 A:0 D:2.3674 Latency:6 us
2026-05-27T21:40:24.963688,240,801.0,"801.0,4.844748811,5.800132136,1.122829918,81.39952372,84.06258244",[DATA] H:36 A:0 D:2.2093 Latency:7 us
2026-05-27T21:40:25.518086,241,588.0,"588.0,2.279882569,6.519157307,1.870973735,75.67549622,73.37826669",[DATA] H:54 A:0 D:1.5584 Latency:6 us
